NAME,SUBREDDIT,ID,POP,DEM,REP,RATE,P_CRIME_RATE,P_CRIME_HITS,TOTAL_HITS,POP_CLASS,POL_CLASS,PCRIME_S,CRIME_S,DIFF
"Abilene, TX Metro Area",abilene,10180,176579,16321,51219,317.3,1.265822785,1,79,0,0,0.06965705,0.227097051,-0.157440001
"Akron, OH Metro Area",akron,10420,702219,187329,170823,371.7,2.336448598,5,214,2,2,0.128572593,0.266032064,-0.137459471
"Albany, GA Metro Area",albanyga,10500,148922,33897,31282,717.6,3.389830508,2,59,0,2,0.18653922,0.513598626,-0.327059406
"Albany-Lebanon, OR Metro Area",albanyor,10540,128610,26512,43486,136.6,1.666666667,1,60,0,1,0.091715116,0.097766962,-0.006051846
"Albany-Schenectady-Troy, NY Metro Area",albany,10580,899262,256724,188930,257.5,2.483443709,30,1208,2,3,0.136661597,0.184297166,-0.047635569
"Albuquerque, NM Metro Area",albuquerque,10740,916528,250952,172445,1043.4,4.533565824,52,1147,2,3,0.24947791,0.746779273,-0.497301363
"Alexandria, LA Metro Area",centrallouisiana,10780,152192,20632,46464,849.2,8.823529412,6,68,0,0,0.485550616,0.607787003,-0.122236387
"Allentown-Bethlehem-Easton, PA-NJ Metro Area",lehighvalley,10900,861889,219488,224866,164.1,2.459016393,6,244,2,2,0.135317385,0.117449184,0.017868201
"Altoona, PA Metro Area",altoona,11020,122822,17636,45306,333.4,3.448275862,2,58,0,0,0.189755413,0.238620097,-0.048864684
"Amarillo, TX Metro Area",amarillo,11100,268761,23176,78347,595.4,6.603773585,14,212,1,0,0.363399517,0.42613799,-0.062738473
"Ames, IA Metro Area",ames,11180,125252,35478,29035,199.3,4.545454545,4,88,0,3,0.250132135,0.142642428,0.107489707
"Anchorage, AK Metro Area",anchorage,11260,398328,85169,110526,1194.6,2.359346642,13,551,1,1,0.129832651,0.854995706,-0.725163055
"Ann Arbor, MI Metro Area",annarbor,11460,372258,157136,56241,355.5,1.201602136,9,749,1,4,0.066123048,0.254437446,-0.188314398
"Anniston-Oxford, AL Metro Area",oxfordal,11500,116441,15216,35101,726,15.68627451,8,51,0,0,0.863201094,0.51961065,0.343590444
"Appleton, WI Metro Area",appleton,11540,243147,59783,76541,164.2,1.526717557,2,131,1,1,0.084013847,0.117520756,-0.033506909
"Asheville, NC Metro Area",asheville,11700,469015,141771,133257,316.1,3.353658537,44,1312,1,2,0.18454871,0.226238191,-0.041689481
"Athens-Clarke County, GA Metro Area",athens,12020,215415,50067,47963,307.8,1.952277657,9,461,1,2,0.107432023,0.220297738,-0.112865715
"Atlanta-Sandy Springs-Alpharetta, GA Metro Area",atlanta,12060,6089815,1684934,1203788,320.7,5.726872247,39,681,3,3,0.315144452,0.22953049,0.085613962
"Atlantic City-Hammonton, NJ Metro Area",atlanticcity,12100,274534,73808,64438,255.4,1.538461538,2,130,1,3,0.084660107,0.18279416,-0.098134053
"Auburn-Opelika, AL Metro Area",opelika,12220,174241,27860,42221,521.3,4.347826087,1,23,0,1,0.239256825,0.37310335,-0.133846525
"Augusta-Richmond County, GA-SC Metro Area",augusta,12260,611000,136387,148135,361.1,0.934579439,2,214,2,2,0.051429037,0.258445462,-0.207016425
"Austin-Round Rock-Georgetown, TX Metro Area",austin,12420,2283371,661325,377293,286.9,3.623898139,148,4084,3,4,0.199419744,0.20533925,-0.005919506
"Bakersfield, CA Metro Area",bakersfield,12540,909235,133366,164484,621.1,5.679513185,28,493,2,1,0.312538327,0.444531921,-0.131993594
"Baltimore-Columbia-Towson, MD Metro Area",baltimore,12580,2844510,878185,507676,698.7,4.178272981,60,1436,3,4,0.229926475,0.500071572,-0.270145097
"Bangor, ME Metro Area",bangor,12620,152199,37713,44825,44.3,1.470588235,1,68,0,1,0.080925103,0.03170627,0.049218833
"Barnstable Town, MA Metro Area",capecod,12700,228996,91994,55311,326.8,1.843317972,4,217,1,3,0.101436073,0.233896364,-0.132460291
"Baton Rouge, LA Metro Area",batonrouge,12940,870569,179863,226976,554,6.34057971,35,552,2,1,0.348916203,0.3965073,-0.047591097
"Battle Creek, MI Metro Area",battlecreek,12980,134310,28877,36221,624,4.87804878,4,82,0,1,0.268434487,0.446607501,-0.178173014
"Bay City, MI Metro Area",baycitymichigan,13020,103856,26151,33125,383.7,14,7,50,0,1,0.770406977,0.27462067,0.495786307
"Beaumont-Port Arthur, TX Metro Area",beaumont,13140,397565,55904,100614,541.2,5.940594059,6,101,1,0,0.326905365,0.387346121,-0.060440756
"Beckley, WV Metro Area",beckleywv,13220,115079,13045,36253,329.8,0,0,22,0,0,0,0.236043516,-0.236043516
"Bellingham, WA Metro Area",bellingham,13380,226847,83660,50489,220.1,4.055032585,56,1381,1,3,0.223144671,0.157529344,0.065615327
"Bend, OR Metro Area",bend,13460,198253,65962,55646,165.4,2.878787879,19,660,0,3,0.158417019,0.118379616,0.040037403
"Billings, MT Metro Area",billings,13740,184167,34256,59702,532.4,1.538461538,2,130,0,0,0.084660107,0.38104781,-0.296387703
"Binghamton, NY Metro Area",binghamton,13780,247138,56636,58582,285.4,8.67768595,21,242,1,2,0.477524986,0.204265674,0.273259312
"Birmingham-Hoover, AL Metro Area",birmingham,13820,1115289,230399,303030,1397.2,2.527075812,21,831,3,1,0.139062631,1,-0.860937369
"Bismarck, ND Metro Area",bismarck,13900,133626,18349,47905,305.7,0,0,84,0,0,0,0.218794732,-0.218794732
"Blacksburg-Christiansburg, VA Metro Area",blacksburg,13980,166378,33657,42418,192.3,6.666666667,3,45,0,1,0.366860465,0.137632408,0.229228057
"Bloomington, IL Metro Area",bloomingtonnormal,14010,170954,43933,40502,353.8,1.62601626,2,123,0,2,0.089478162,0.253220727,-0.163742565
"Bloomington, IN Metro Area",bloomington,14020,161039,42281,29357,361.7,3.37922403,27,799,0,3,0.185955555,0.258874893,-0.072919338
"Bloomsburg-Berwick, PA Metro Area",bloomsburg,14100,82863,14303,25942,185.9,1.886792453,1,53,0,0,0.103828434,0.133051818,-0.029223384
"Boise City, ID Metro Area",boise,14260,764718,150243,207713,250.9,2.65654649,14,527,2,1,0.146187282,0.179573433,-0.033386151
"Boston-Cambridge-Newton, MA-NH Metro Area",boston,14460,4941632,1743643,803274,277.7,4.358974359,136,3120,3,4,0.239870304,0.198754652,0.041115652
"Boulder, CO Metro Area",boulder,14500,330758,159089,42501,272.3,4.366812227,40,916,1,4,0.240301615,0.19488978,0.045411835
"Bowling Green, KY Metro Area",bowlinggreen,14540,179639,26427,49166,153.5,3.703703704,3,81,0,0,0.20381137,0.109862582,0.093948788
"Bremerton-Silverdale-Port Orchard, WA Metro Area",bremerton,14740,275611,90277,61563,261.4,4.109589041,3,73,1,3,0.226146862,0.187088463,0.039058399
"Bridgeport-Stamford-Norwalk, CT Metro Area",stamfordct,14860,957419,297505,168445,174.2,1.388888889,2,144,2,4,0.076429264,0.124677927,-0.048248663
"Brownsville-Harlingen, TX Metro Area",brownsville,15180,421017,64063,49032,375.1,3.191489362,3,94,1,3,0.175624691,0.268465502,-0.092840811
"Brunswick, GA Metro Area",brunswickga,15260,113495,19194,36626,364.7,7.142857143,4,56,0,0,0.393064784,0.261022044,0.13204274
"Buffalo-Cheektowaga, NY Metro Area",buffalo,15380,1166902,313299,253620,354.3,8.302583026,90,1084,3,3,0.456883421,0.253578586,0.203304835
"Burlington, NC Metro Area",burlingtonnc,15500,225562,38825,46056,407.6,4,2,50,1,1,0.220116279,0.29172631,-0.071610031
"Burlington-South Burlington, VT Metro Area",burlington,15540,171415,91477,34101,200.5,7.875457875,43,546,0,4,0.433379121,0.143501288,0.289877833
"California-Lexington Park, MD Metro Area",somd,15680,113777,23138,30826,204.4,1.234567901,1,81,0,1,0.067937123,0.146292585,-0.078355462
"Canton-Massillon, OH Metro Area",canton,15940,401574,79155,121842,338.6,2.666666667,2,75,1,1,0.146744186,0.242341827,-0.095597641
"Cape Coral-Fort Myers, FL Metro Area",capecoral,15980,760822,157695,233247,257.8,5.172413793,3,58,2,1,0.284633119,0.184511881,0.100121238
"Cape Girardeau, MO-IL Metro Area",capegirardeau,16020,97517,12624,35560,384.6,2.941176471,2,68,0,0,0.161850205,0.275264815,-0.11341461
"Carbondale-Marion, IL Metro Area",carbondale,16060,133435,22668,38750,824,1.612903226,1,62,0,0,0.088756564,0.58975093,-0.500994366
"Carson City, NV Metro Area",carsoncity,16180,58639,12735,16113,347.8,1.25,1,80,0,1,0.068786337,0.248926424,-0.180140087
"Casper, WY Metro Area",casper,16220,79955,8530,25271,285.6,7.142857143,6,84,0,0,0.393064784,0.204408818,0.188655966
"Cedar Rapids, IA Metro Area",cedarrapids,16300,276520,80247,69124,188.5,4.861111111,21,432,1,3,0.267502422,0.134912683,0.132589739
"Chambersburg-Waynesboro, PA Metro Area",chambersburg,16540,155932,22422,57245,167.4,0,0,59,0,0,0,0.119811051,-0.119811051
"Champaign-Urbana, IL Metro Area",champaign,16580,222538,60396,41533,485.4,0,0,93,1,3,0,0.347409104,-0.347409104
"Charleston, WV Metro Area",charlestonwv,16620,258859,41944,71998,449.9,3.174603175,2,63,1,0,0.17469546,0.322001145,-0.147305685
"Charleston-North Charleston, SC Metro Area",charleston,16700,799636,200532,192607,398,1.935483871,12,620,2,2,0.106507877,0.284855425,-0.178347548
"Charlotte-Concord-Gastonia, NC-SC Metro Area",charlotte,16740,2660329,680904,675531,426.9,2.749326146,51,1855,3,2,0.15129286,0.305539651,-0.154246791
"Charlottesville, VA Metro Area",charlottesville,16820,221524,79066,35576,175.7,2.351097179,15,638,1,4,0.129378691,0.125751503,0.003627188
"Chattanooga, TN-GA Metro Area",chattanooga,16860,562647,93960,162280,525.6,3.248587571,23,708,2,0,0.178766752,0.376180933,-0.197414181
"Cheyenne, WY Metro Area",cheyenne,16940,100512,15217,27891,295.4,7.36196319,12,163,0,0,0.405121986,0.211422846,0.19369914
"Chicago-Naperville-Elgin, IL-IN-WI Metro Area",chicago,16980,9618502,2883015,1475610,515.1,4.863449308,130,2673,3,4,0.267631091,0.368665903,-0.101034812
"Chico, CA Metro Area",chicoca,17020,211632,50426,48730,443.8,6.52173913,15,230,1,2,0.358885238,0.317635271,0.041249967
"Cincinnati, OH-KY-IN Metro Area",cincinnati,17140,2256884,487184,647633,237.4,3.254626675,51,1567,3,1,0.179099078,0.169911251,0.009187827
"Clarksville, TN-KY Metro Area",clarksville,17300,320535,43791,67704,387.5,1.342281879,2,149,1,1,0.073864523,0.277340395,-0.203475872
"Cleveland, TN Metro Area",clevelandtn,17420,126164,11343,41996,559.8,3.333333333,2,60,0,0,0.183430233,0.40065846,-0.217228227
"Cleveland-Elyria, OH Metro Area",cleveland,17460,2088251,608358,454238,403.3,2.561837456,29,1132,3,3,0.140975532,0.288648726,-0.147673194
"Coeur d'Alene, ID Metro Area",coeurdalene,17660,171362,24312,62837,219,1.554404145,3,193,0,0,0.085537414,0.156742056,-0.071204642
"College Station-Bryan, TX Metro Area",collegestation,17780,268248,39511,59919,262.4,2.580645161,4,155,1,1,0.142010503,0.18780418,-0.045793677
"Colorado Springs, CO Metro Area",coloradosprings,17820,755105,167219,214069,465.7,2.49500998,25,1002,2,1,0.137298078,0.333309476,-0.196011398
"Columbia, MO Metro Area",columbiamo,17860,210864,53726,48471,271.8,0.748129676,3,401,1,3,0.04116888,0.194531921,-0.153363041
"Columbia, SC Metro Area",columbiasc,17900,829470,208820,186741,583.4,4.285714286,6,140,2,3,0.23583887,0.417549384,-0.181710514
"Columbus, GA-AL Metro Area",columbusga,17980,328883,71406,59638,527,2.580645161,4,155,1,3,0.142010503,0.377182937,-0.235172434
"Columbus, IN Metro Area",columbusin,18020,82208,12934,22410,145.8,1.492537313,1,67,0,0,0.08213294,0.10435156,-0.02221862
"Columbus, OH Metro Area",columbus,18140,2138926,567327,480172,286.5,2.566127122,65,2533,3,3,0.141211588,0.205052963,-0.063841375
"Corpus Christi, TX Metro Area",corpus,18580,421933,69913,81133,736.9,1.438848921,2,139,1,1,0.079178518,0.527411967,-0.448233449
"Corvallis, OR Metro Area",corvallis,18700,95184,35827,14878,151.4,4.026845638,12,298,0,4,0.22159357,0.108359576,0.113233994
"Crestview-Fort Walton Beach-Destin, FL Metro Area",destin,18880,286973,44586,112745,313.2,1.379310345,2,145,1,0,0.075902165,0.224162611,-0.148260446
"Cumberland, MD-WV Metro Area",cumberland_maryland,19060,95044,11818,30926,274.8,2.083333333,1,48,0,0,0.114643895,0.196679072,-0.082035177
"Dallas-Fort Worth-Arlington, TX Metro Area",dallas,19100,7637387,1535525,1466387,351,5.453392517,86,1577,3,2,0.300095117,0.251216719,0.048878398
"Dalton, GA Metro Area",daltonga,19140,142837,12981,38588,205.6,1.149425287,1,87,0,0,0.063251804,0.147151446,-0.083899642
"Danville, IL Metro Area",danvilleil,19180,74188,10323,20725,935.7,0,0,3,0,0,0,0.669696536,-0.669696536
"Daphne-Fairhope-Foley, AL Metro Area",baldwincountyal,19300,231767,24578,83544,260.2,0,0,58,1,0,0,0.186229602,-0.186229602
"Davenport-Moline-Rock Island, IA-IL Metro Area",quadcities,19340,384324,96694,93004,366.4,2.164502165,5,231,1,2,0.119110541,0.262238763,-0.143128222
"Dayton-Kettering, OH Metro Area",dayton,19430,814049,185525,222477,328.4,1.830663616,8,437,2,1,0.100739716,0.235041512,-0.134301796
"Decatur, AL Metro Area",decaturalabama,19460,156494,16796,51986,308.1,10.9375,7,64,0,0,0.601880451,0.220512453,0.381367998
"Decatur, IL Metro Area",decaturillinois,19500,103998,19847,28589,419.3,0,0,43,0,1,0,0.3001002,-0.3001002
"Deltona-Daytona Beach-Ormond Beach, FL Metro Area",deltona,19660,668921,158736,216864,319.3,2.127659574,1,47,2,1,0.117083127,0.228528486,-0.111445359
"Denver-Aurora-Lakewood, CO Metro Area",denver,19740,2963821,1024844,603431,413.9,5.673249551,158,2785,3,4,0.312193645,0.296235328,0.015958317
"Des Moines-West Des Moines, IA Metro Area",desmoines,19780,709466,201603,181588,712,4.057971014,28,690,2,3,0.22330637,0.50959061,-0.28628424
"Detroit-Warren-Dearborn, MI Metro Area",detroit,19820,4392041,1351220,1026036,516.9,3.597710548,44,1223,3,3,0.197978665,0.369954194,-0.171975529
"Dothan, AL Metro Area",dothan,20020,151007,17118,50073,602,0,0,62,0,0,0,0.430861723,-0.430861723
"Dover, DE Metro Area",doverde,20100,181851,44552,41009,427.4,0,0,26,0,2,0,0.305897509,-0.305897509
"Dubuque, IA Metro Area",dubuque,20220,99266,25657,27214,134.4,1.265822785,1,79,0,2,0.06965705,0.096192385,-0.026535335
"Duluth, MN-WI Metro Area",duluth,20260,291638,94667,73124,209.1,0.62305296,2,321,1,3,0.034286025,0.149656456,-0.115370431
"Durham-Chapel Hill, NC Metro Area",bullcity,20500,649903,258099,103652,439.1,2.227171492,20,898,2,4,0.122559175,0.3142714,-0.191712225
"East Stroudsburg, PA Metro Area",stroudsburg,20700,168327,44060,38726,236.4,6.25,1,16,0,3,0.343931686,0.169195534,0.174736152
"Eau Claire, WI Metro Area",eau_claire,20740,172007,45603,46658,214.3,4.545454545,4,88,0,2,0.250132135,0.153378185,0.09675395
"El Centro, CA Metro Area",calexicoca,20940,179702,34678,20847,339.4,1.923076923,1,52,0,3,0.105825134,0.2429144,-0.137089266
"El Paso, TX Metro Area",elpaso,21300,868859,178497,85110,333.2,3.090507726,14,453,2,4,0.170067765,0.238476954,-0.068409189
"Elizabethtown-Fort Knox, KY Metro Area",elizabethtown,21340,155572,23237,45702,99.8,1.923076923,1,52,0,0,0.105825134,0.071428571,0.034396563
"Elkhart-Goshen, IN Metro Area",elkhart,21060,207047,26108,46972,779.8,4.918032787,3,61,1,0,0.270634769,0.558116232,-0.287481463
"Elmira, NY Metro Area",elmirany,21140,84148,16636,21922,213.9,1.960784314,1,51,0,1,0.107900137,0.153091898,-0.045191761
"Enid, OK Metro Area",enidamerica,21420,62846,4919,16970,370.2,5.263157895,2,38,0,0,0.289626683,0.264958488,0.024668195
"Erie, PA Metro Area",erie,21500,270876,68286,66869,299,3.355704698,5,149,1,2,0.184661308,0.213999427,-0.029338119
"Eugene-Springfield, OR Metro Area",eugene,21660,382971,134366,80336,229.3,3.972950127,47,1183,1,4,0.21862775,0.164113942,0.054513808
"Evansville, IN-KY Metro Area",evansville,21780,314049,57738,85106,327.2,1.117318436,2,179,1,1,0.061484994,0.234182651,-0.172697657
"Fairbanks, AK Metro Area",fairbanks,21820,95655,17033,22028,794.5,1.421800948,3,211,0,1,0.078240384,0.568637275,-0.490396891
"Fargo, ND-MN Metro Area",fargo,22020,249843,56668,57662,296.7,2.772277228,14,505,1,2,0.152555837,0.212353278,-0.059797441
"Farmington, NM Metro Area",fourcorners,22140,121661,18083,32874,1199.8,1.612903226,1,62,0,0,0.088756564,0.858717435,-0.769960871
"Fayetteville, NC Metro Area",fayettenam,22180,520378,118366,104662,875.4,4.06504065,5,123,2,3,0.223695406,0.626538792,-0.402843386
"Fayetteville-Springdale-Rogers, AR Metro Area",fayetteville,22220,546725,87636,127127,385.9,2.43902439,5,205,2,1,0.134217243,0.276195248,-0.141978005
"Flagstaff, AZ Metro Area",flagstaff,22380,145101,44698,27052,461.1,1.071428571,3,280,0,3,0.058959718,0.330017177,-0.271057459
"Flint, MI Metro Area",flint,22420,406211,119390,98714,579.7,9.708737864,10,103,1,3,0.534262813,0.414901231,0.119361582
"Florence, SC Metro Area",florencesc,22500,199964,46373,49447,823.4,3.50877193,2,57,0,2,0.193084455,0.5893215,-0.396237045
"Florence-Muscle Shoals, AL Metro Area",florenceal,22520,150791,20258,50924,298,6.451612903,4,62,0,0,0.355026257,0.21328371,0.141742547
"Fond du Lac, WI Metro Area",fonddulac,22540,104154,20588,35754,176.5,0,0,52,0,0,0,0.126324077,-0.126324077
"Fort Collins, CO Metro Area",fortcollins,22660,359066,126120,91489,234.1,2.998236332,17,567,1,3,0.164990156,0.167549384,-0.002559228
"Fort Smith, AR-OK Metro Area",ftsmithar,22900,244310,23781,67595,585.7,1.515151515,1,66,1,0,0.083377378,0.419195534,-0.335818156
"Fort Wayne, IN Metro Area",fortwayne,23060,419601,77423,104945,305,2.43902439,9,369,1,1,0.134217243,0.21829373,-0.084076487
"Fresno, CA Metro Area",fresno,23420,1008654,193025,164464,595.3,1.883239171,10,531,3,3,0.1036329,0.426066419,-0.322433519
"Gadsden, AL Metro Area",gadsden,23460,103436,11567,35528,532.7,2.040816327,1,49,0,0,0.112304224,0.381262525,-0.268958301
"Gainesville, FL Metro Area",gnv,23540,339247,97609,75616,692.1,2.573529412,14,544,1,3,0.14161893,0.495347839,-0.353728909
"Gainesville, GA Metro Area",gainesvillega,23580,203136,25033,64183,214.5,1.612903226,1,62,1,0,0.088756564,0.153521328,-0.064764764
"Gettysburg, PA Metro Area",gettysburg,23900,103852,18207,37523,129.9,2.857142857,2,70,0,0,0.157225914,0.092971658,0.064254256
"Glens Falls, NY Metro Area",glensfalls,24020,127039,29207,33640,127.1,5.084745763,3,59,0,1,0.279808829,0.09096765,0.188841179
"Goldsboro, NC Metro Area",goldsboronc,24140,117333,24215,30709,414.7,0,0,58,0,1,0,0.296807902,-0.296807902
"Grand Forks, ND-MN Metro Area",grandforks,24220,104362,18319,26852,250.6,1.315789474,1,76,0,1,0.072406671,0.179358717,-0.106952046
"Grand Island, NE Metro Area",gineb,24260,77038,9072,22394,375.7,0,0,6,0,0,0,0.268894933,-0.268894933
"Grand Junction, CO Metro Area",grandjunction,24300,155703,31536,56894,283.5,4.320987654,7,162,0,0,0.237779931,0.202905812,0.034874119
"Grand Rapids-Kentwood, MI Metro Area",grandrapids,24340,1087592,273224,309126,321.5,5.079155673,77,1516,3,1,0.279501212,0.230103063,0.049398149
"Grants Pass, OR Metro Area",grantspass,24420,88090,18451,31751,238.7,7.246376812,5,69,0,0,0.398761375,0.170841683,0.227919692
"Great Falls, MT Metro Area",greatfalls,24500,84414,15456,23315,357.7,7.692307692,6,78,0,1,0.423300537,0.256012024,0.167288513
"Greeley, CO Metro Area",greeley,24540,328981,66060,96145,215.9,6.382978723,6,94,1,1,0.351249381,0.154523332,0.196726049
"Green Bay, WI Metro Area",greenbay,24580,328268,76202,100024,225.9,3.623188406,5,138,1,1,0.199380688,0.161680504,0.037700184
"Greensboro-High Point, NC Metro Area",gso,24660,776566,204696,195489,530.2,2.380952381,10,420,2,2,0.131021595,0.379473232,-0.248451637
"Greenville, NC Metro Area",greenvillencarolina,24780,170243,38982,47252,362.5,2.06185567,2,97,0,1,0.113462,0.259447466,-0.145985466
"Greenville-Anderson, SC Metro Area",greenville,24860,928195,154003,280497,486.8,1.36239782,10,734,2,0,0.074971485,0.348411108,-0.273439623
"Gulfport-Biloxi, MS Metro Area",biloxi,25060,416259,51409,105213,221.3,1.149425287,1,87,1,0,0.063251804,0.158388205,-0.095136401
"Hagerstown-Martinsburg, MD-WV Metro Area",hagerstown,25180,293844,45228,80040,276.8,3.409090909,3,88,1,0,0.187599101,0.198110507,-0.010511406
"Hammond, LA Metro Area",hammond,25220,133157,18887,37806,849.1,5.555555556,3,54,0,0,0.305717054,0.607715431,-0.301998377
"Hanford-Corcoran, CA Metro Area",hanford,25260,152486,18699,24072,504.8,4,2,50,0,1,0.220116279,0.361294017,-0.141177738
"Harrisburg-Carlisle, PA Metro Area",harrisburg,25420,591712,147178,161913,260,1.379310345,2,145,2,2,0.075902165,0.186086459,-0.110184294
"Harrisonburg, VA Metro Area",harrisonburg,25500,135571,23666,35940,126.7,3.723404255,7,188,0,1,0.204895473,0.090681363,0.11421411
"Hartford-East Hartford-Middletown, CT Metro Area",hartford,25540,1213531,384367,234527,199,2.272727273,3,132,3,3,0.125066068,0.142427713,-0.017361645
"Hattiesburg, MS Metro Area",hattiesburg,25620,172231,25873,48348,230.6,0,0,84,0,0,0,0.165044374,-0.165044374
"Hickory-Lenoir-Morganton, NC Metro Area",hickorync,25860,365276,53197,135614,430.6,3.571428571,2,56,1,0,0.196532392,0.308187804,-0.111655412
"Hilton Head Island-Bluffton, SC Metro Area",hiltonhead,25940,215908,50604,60272,397.5,0,0,127,1,1,0,0.284497567,-0.284497567
"Hinesville, GA Metro Area",hinesvillega,25980,81424,15139,11486,414.6,0,0,22,0,3,0,0.29673633,-0.29673633
"Homosassa Springs, FL Metro Area",homosassa,26140,153843,27092,65352,252.5,0,0,4,0,0,0,0.18071858,-0.18071858
"Hot Springs, AR Metro Area",hotsprings,26300,100180,14045,29069,524,1.98019802,2,101,0,0,0.108968455,0.375035786,-0.266067331
"Houma-Thibodaux, LA Metro Area",houma,26380,207137,19870,70363,374.5,3.50877193,2,57,1,0,0.193084455,0.268036072,-0.074951617
"Houston-The Woodlands-Sugar Land, TX Metro Area",houston,26420,7122240,1330116,1302436,593.1,5.016722408,105,2093,3,2,0.276065567,0.424491841,-0.148426274
"Huntington-Ashland, WV-KY-OH Metro Area",huntingtonwv,26580,359862,49047,110780,265.1,4.109589041,3,73,1,0,0.226146862,0.189736616,0.036410246
"Huntsville, AL Metro Area",huntsvillealabama,26620,491723,100958,137420,556.8,1.944652206,26,1337,1,1,0.107012402,0.398511308,-0.291498906
"Idaho Falls, ID Metro Area",idahofalls,26820,157429,16103,51106,204.5,4.255319149,6,141,0,0,0.234166254,0.146364157,0.087802097
"Indianapolis-Carmel-Anderson, IN Metro Area",indianapolis,26900,2111040,460951,483480,641.5,4.187020237,60,1433,3,2,0.230407829,0.459132551,-0.228724722
"Iowa City, IA Metro Area",iowacity,26980,175419,63738,29896,276.7,2.977667494,12,403,0,4,0.163858272,0.198038935,-0.034180663
"Ithaca, NY Metro Area",ithaca,27060,105740,33619,11096,124.1,2.675585284,8,299,0,4,0.147234969,0.088820498,0.058414471
"Jackson, MI Metro Area",jacksonmi,27100,160366,31995,47372,514.3,4,3,75,0,1,0.220116279,0.36809333,-0.147977051
"Jackson, MS Metro Area",jacksonms,27140,591978,139428,127213,337.7,3.370786517,3,89,2,2,0.185491246,0.241697681,-0.056206435
"Jackson, TN Metro Area",jacksontn,27180,180504,26955,50827,613.6,0,0,56,0,0,0,0.439164042,-0.439164042
"Jacksonville, FL Metro Area",jacksonville,27260,1605848,372324,483665,474.7,2.48015873,25,1008,3,1,0.136480828,0.33975093,-0.203270102
"Jacksonville, NC Metro Area",onslowcounty,27340,204576,24266,46078,263.6,1.851851852,1,54,1,0,0.101905685,0.18866304,-0.086757355
"Janesville-Beloit, WI Metro Area",janesville,27500,163687,46658,37138,232.7,5.172413793,3,58,0,3,0.284633119,0.16654738,0.118085739
"Jefferson City, MO Metro Area",jeffersoncity,27620,150309,20909,53070,220.4,0,0,56,0,0,0,0.15774406,-0.15774406
"Johnson City, TN Metro Area",johnsoncity,27740,207285,24782,66627,328.6,2.127659574,1,47,1,0,0.117083127,0.235184655,-0.118101528
"Johnstown, PA Metro Area",johnstown,27780,133472,21730,48085,273.8,7.142857143,5,70,0,0,0.393064784,0.195963355,0.197101429
"Jonesboro, AR Metro Area",jonesboro,27860,134196,13345,31476,556,2,2,100,0,0,0.11005814,0.397938735,-0.287880595
"Joplin, MO Metro Area",joplinmo,27900,181409,19367,59848,331.1,4.166666667,5,120,0,0,0.229287791,0.236973948,-0.007686157
"Kahului-Wailuku-Lahaina, HI Metro Area",maui,27980,164754,47305,22126,268.1,0.975609756,2,205,0,4,0.053686897,0.191883768,-0.138196871
"Kalamazoo-Portage, MI Metro Area",kzoo,28020,261670,83686,56823,572.5,2.546689304,15,589,1,3,0.140141943,0.409748068,-0.269606125
"Kankakee, IL Metro Area",kankakee,28100,107502,20271,28532,388.6,1.886792453,1,53,0,1,0.103828434,0.278127684,-0.17429925
"Kansas City, MO-KS Metro Area",kansascity,28140,2192035,559595,508524,1159.4,3.163686382,46,1454,3,2,0.174094719,0.829802462,-0.655707743
"Kennewick-Richland, WA Metro Area",tricitieswa,28420,303622,52046,78404,219.5,3.937007874,10,254,1,1,0.216649881,0.157099914,0.059549967
"Killeen-Temple, TX Metro Area",killeen,28660,475367,66723,91417,264.4,5.681818182,5,88,1,1,0.312665169,0.189235614,0.123429555
"Kingsport-Bristol, TN-VA Metro Area",tricities,28700,307614,31977,112354,300.8,6.145251397,11,179,1,0,0.338167468,0.215287718,0.12287975
"Kingston, NY Metro Area",hudsonvalley,28740,181851,57970,37590,150.2,1.923076923,6,312,0,3,0.105825134,0.107500716,-0.001675582
"Knoxville, TN Metro Area",knoxville,28940,879773,138943,262100,353.7,2.777777778,19,684,2,0,0.152858527,0.253149155,-0.100290628
"Kokomo, IN Metro Area",kokomo,29020,83658,13303,26449,555.3,6.451612903,4,62,0,0,0.355026257,0.397437733,-0.042411476
"La Crosse-Onalaska, WI-MN Metro Area",lacrossewi,29100,139627,42699,35018,123.4,4.895104895,7,143,0,3,0.269373069,0.088319496,0.181053573
"Lafayette, LA Metro Area",lafayettela,29180,478384,69603,156499,466.5,6.12244898,3,49,1,0,0.336912672,0.33388205,0.003030622
"Lafayette-West Lafayette, IN Metro Area",lafayette,29200,223716,39224,48075,223,2.747252747,5,182,1,1,0.151178763,0.159604924,-0.008426161
"Lake Charles, LA Metro Area",lakecharles,29340,222402,26306,58737,547.7,2.083333333,2,96,1,0,0.114643895,0.391998282,-0.277354387
"Lake Havasu City-Kingman, AZ Metro Area",lakehavasucity,29420,213267,24831,78535,230,1.960784314,1,51,1,0,0.107900137,0.164614944,-0.056714807
"Lakeland-Winter Haven, FL Metro Area",lakeland,29460,725046,145049,194586,277.5,2.941176471,3,102,2,1,0.161850205,0.198611509,-0.036761304
"Lancaster, PA Metro Area",lancaster,29540,552984,115847,160209,177,1.960784314,9,459,2,1,0.107900137,0.126681935,-0.018781798
"Lansing-East Lansing, MI Metro Area",lansing,29620,541297,162826,127684,429.9,4.794520548,21,438,2,3,0.263838006,0.307686802,-0.043848796
"Laredo, TX Metro Area",laredo,29700,267114,41280,25898,321.9,0,0,154,1,3,0,0.23038935,-0.23038935
"Las Cruces, NM Metro Area",lascruces,29740,219561,47957,32802,556.9,5.527638191,11,199,1,3,0.304180788,0.39858288,-0.094402092
"Las Vegas-Henderson-Paradise, NV Metro Area",vegas,29820,2265461,521852,430930,525.7,2.31629393,29,1252,3,3,0.1274635,0.376252505,-0.248789005
"Lawrence, KS Metro Area",lawrence,29940,118785,40785,17286,396.5,3.666666667,11,300,0,4,0.201773256,0.283781849,-0.082008593
"Lawton, OK Metro Area",lawton,30020,126652,14140,23022,716.4,1.818181818,1,55,0,1,0.100052854,0.512739765,-0.412686911
"Lebanon, PA Metro Area",lebanonpa,30140,143257,23932,46731,166.8,0,0,6,0,0,0,0.11938162,-0.11938162
"Lewiston, ID-WA Metro Area",lewistonid,30300,64375,10936,21057,138.9,12.96296296,7,54,0,0,0.713339793,0.099413112,0.613926681
"Lewiston-Auburn, ME Metro Area",lamaine,30340,111139,27617,29268,172.2,15.38461538,14,91,0,2,0.846601073,0.123246493,0.72335458
"Lexington-Fayette, KY Metro Area",lexington,30460,516811,125564,120086,230.6,2.021403092,17,841,2,2,0.111235932,0.165044374,-0.053808442
"Lima, OH Metro Area",lima,30620,102206,14149,33116,315.6,4,3,75,0,0,0.220116279,0.225880332,-0.005764053
"Lincoln, NE Metro Area",lincoln,30700,340217,84731,76582,346.8,3.047619048,16,525,1,3,0.167707641,0.248210707,-0.080503066
"Little Rock-North Little Rock-Conway, AR Metro Area",littlerock,30780,748031,145320,170821,782.3,7.077625571,31,438,2,1,0.389475151,0.559905525,-0.170430374
"Logan, UT-ID Metro Area",logan,30860,147348,17307,43877,128.4,3.418803419,4,117,0,0,0.188133572,0.091898082,0.09623549
"Longview, TX Metro Area",longviewtx,30980,286184,30210,86302,324.1,1.492537313,1,67,1,0,0.08213294,0.231963928,-0.149830988
"Longview, WA Metro Area",longview,31020,110730,23938,34424,194.6,5.357142857,3,56,0,1,0.294798588,0.139278557,0.155520031
"Los Angeles-Long Beach-Anaheim, CA Metro Area",losangeles,31080,13200998,3842894,1822028,477.5,12.00373657,257,2141,3,4,0.660554457,0.341754938,0.318799519
"Louisville/Jefferson County, KY-IN Metro Area",louisville,31140,1285439,314895,314390,436.8,4.40293529,66,1499,3,2,0.242289433,0.312625251,-0.070335818
"Lubbock, TX Metro Area",lubbock,31180,321368,40972,82110,838.5,2.024291498,5,247,1,0,0.111394878,0.600128829,-0.488733951
"Lynchburg, VA Metro Area",lynchburg,31340,261593,46384,91685,230.6,2.702702703,4,148,1,0,0.148727216,0.165044374,-0.016317158
"Macon-Bibb County, GA Metro Area",macon,31420,233802,56334,54354,454.6,2.884615385,3,104,1,2,0.158737701,0.325365016,-0.166627315
"Madera, CA Metro Area",madera,31460,156255,23168,29378,528,0,0,61,0,1,0,0.377898654,-0.377898654
"Madison, WI Metro Area",madisonwi,31540,680796,295210,111799,217.8,3.789338471,59,1557,2,4,0.208523771,0.155883195,0.052640576
"Manchester-Nashua, NH Metro Area",manchesternh,31700,422937,122344,104625,229.8,1.234567901,1,81,1,3,0.067937123,0.164471801,-0.096534678
"Manhattan, KS Metro Area",littleapple,31740,134046,20061,26385,430.9,4.054054054,3,74,0,1,0.223090823,0.308402519,-0.085311696
"Mankato, MN Metro Area",mankato,31860,103566,27952,25749,178.3,0,0,90,0,2,0,0.127612368,-0.127612368
"Mansfield, OH Metro Area",mansfield,31900,124936,17640,41472,229,0,0,51,0,0,0,0.163899227,-0.163899227
"McAllen-Edinburg-Mission, TX Metro Area",riograndevalley,32580,870781,128199,90527,268.9,3.262955854,17,521,2,3,0.179557425,0.192456341,-0.012898916
"Medford, OR Metro Area",medford,32780,223259,59478,63869,335.5,6.741573034,12,178,1,2,0.370982493,0.240123103,0.13085939
"Memphis, TN-MS-AR Metro Area",memphis,32820,1337779,311568,236569,1120.5,3.428571429,36,1050,3,3,0.188671096,0.801961065,-0.613289969
"Merced, CA Metro Area",merced,32900,281202,48991,39397,553.2,4.285714286,3,70,1,3,0.23583887,0.395934727,-0.160095857
"Miami-Fort Lauderdale-Pompano Beach, FL Metro Area",miami,33100,6138333,1670188,1200953,422,3.276003276,40,1221,3,3,0.180275413,0.302032637,-0.121757224
"Michigan City-La Porte, IN Metro Area",laportein,33140,112417,22427,25997,408,1.098901099,1,91,0,1,0.060471505,0.292012597,-0.231541092
"Midland, MI Metro Area",midland_mi,33220,83494,20493,27675,142.3,3.076923077,2,65,0,1,0.169320215,0.10184655,0.067473665
"Midland, TX Metro Area",midessa,33260,175220,12617,47481,317.5,4.301075269,4,93,0,0,0.236684171,0.227240195,0.009443976
"Milwaukee-Waukesha, WI Metro Area",milwaukee,33340,1574731,474600,388280,577.9,4.086538462,68,1664,3,3,0.22487841,0.41361294,-0.18873453
"Minneapolis-St. Paul-Bloomington, MN-WI Metro Area",minneapolis,33460,3690261,1259771,843877,272.5,5.868902439,77,1312,3,3,0.322960242,0.195032923,0.127927319
"Missoula, MT Metro Area",missoula,33540,117922,43357,26347,349.3,2.449888641,11,449,0,3,0.134815093,0.25,-0.115184907
"Mobile, AL Metro Area",mobileal,33660,430197,81732,107807,526.6,2.788844622,7,251,1,1,0.153467525,0.37689665,-0.223429125
"Modesto, CA Metro Area",modesto,33700,552878,105841,104145,529.1,2.75862069,4,145,2,2,0.15180433,0.378685943,-0.226881613
"Monroe, LA Metro Area",monroela,33740,207104,33513,57172,812.5,0,0,15,1,0,0,0.581520183,-0.581520183
"Monroe, MI Metro Area",monroemi,33780,154809,32975,52710,259.3,3.278688525,2,61,0,1,0.18042318,0.185585457,-0.005162277
"Montgomery, AL Metro Area",montgomery,33860,386047,87371,85149,458.2,2.362204724,3,127,1,2,0.129989929,0.327941597,-0.197951668
"Morgantown, WV Metro Area",morgantownwv,34060,140038,23445,31993,204.4,0.952380952,1,105,0,1,0.052408638,0.146292585,-0.093883947
"Morristown, TN Metro Area",morristowntn,34100,142709,11621,46027,387.6,9.302325581,4,43,0,0,0.511898323,0.277411967,0.234486356
"Mount Vernon-Anacortes, WA Metro Area",sanjuanislands,34580,129523,38252,32762,155.5,3.658536585,3,82,0,3,0.201325865,0.111294017,0.090031848
"Muncie, IN Metro Area",muncie,34620,111903,20474,26827,244.8,7.936507937,5,63,0,1,0.436738649,0.175207558,0.261531091
"Muskegon, MI Metro Area",muskegon,34740,175824,45643,45133,453.4,7.207207207,8,111,0,2,0.396605908,0.324506155,0.072099753
"Myrtle Beach-Conway-North Myrtle Beach, SC-NC Metro Area",myrtlebeach,34820,487722,92490,174671,357.5,1.739130435,4,230,1,0,0.09570273,0.255868881,-0.160166151
"Napa, CA Metro Area",napa,34900,138019,49817,20676,543.4,4.716981132,5,106,0,4,0.259571084,0.388920699,-0.129349615
"Naples-Marco Island, FL Metro Area",naples_fl,34940,375752,77621,128950,233.7,3.723404255,7,188,1,1,0.204895473,0.167263098,0.037632375
"Nashville-Davidson--Murfreesboro--Franklin, TN Metro Area",nashville,34980,1989519,399251,493356,570.5,3.758982863,68,1809,3,1,0.20685333,0.408316633,-0.201463303
"New Bern, NC Metro Area",newbern,35100,122168,26058,39161,284.3,0,0,59,0,1,0,0.203478385,-0.203478385
"New Haven-Milford, CT Metro Area",newhaven,35300,864835,242630,169893,272.8,2.573529412,7,272,2,3,0.14161893,0.195247638,-0.053628708
"New Orleans-Metairie, LA Metro Area",neworleans,35380,1271845,309534,282595,551.5,5.290753098,111,2098,3,2,0.291145221,0.394718007,-0.103572786
"New York-Newark-Jersey City, NY-NJ-PA Metro Area",nyc,35620,20140470,5385675,3001547,332.9,10.72210066,196,1828,3,4,0.590027225,0.238262239,0.351764986
"Niles, MI Metro Area",bentonharbor,35660,154316,37438,43519,550.7,4.081632653,2,49,0,1,0.224608448,0.394145434,-0.169536986
"North Port-Sarasota-Bradenton, FL Metro Area",sarasota,35840,833716,210276,273357,328.4,2.380952381,8,336,2,1,0.131021595,0.235041512,-0.104019917
"Norwich-New London, CT Metro Area",newlondoncounty,35980,268555,79459,57110,193.8,6.483790524,26,401,1,3,0.356796961,0.138705983,0.218090978
"Ocala, FL Metro Area",ocala,36100,375908,74858,127826,430.9,2.419354839,3,124,1,0,0.133134846,0.308402519,-0.175267673
"Ocean City, NJ Metro Area",capemay,36140,95263,23941,33158,175.8,1.666666667,1,60,0,1,0.091715116,0.125823075,-0.034107959
"Odessa, TX Metro Area",midessa,36220,165171,11367,32697,881.8,4.301075269,4,93,0,0,0.236684171,0.631119382,-0.394435211
"Ogden-Clearfield, UT Metro Area",ogden,36260,694863,103665,196813,170.7,1.754385965,3,171,2,0,0.096542228,0.122172917,-0.025630689
"Oklahoma City, OK Metro Area",okc,36420,1425695,224083,316731,461,3.171247357,15,473,3,1,0.174510792,0.329945605,-0.155434813
"Olympia-Lacey-Tumwater, WA Metro Area",olympia,36500,294793,96608,65277,246.7,3.536345776,18,509,1,3,0.194601818,0.176567421,0.018034397
"Omaha-Council Bluffs, NE-IA Metro Area",omaha,36540,967604,226701,236351,413.1,2.913533835,31,1064,2,2,0.160329057,0.295662754,-0.135333697
"Orlando-Kissimmee-Sanford, FL Metro Area",orlando,36740,2673376,708344,569978,429.9,2.609427609,31,1188,3,3,0.143594374,0.307686802,-0.164092428
"Oshkosh-Neenah, WI Metro Area",oshkosh,36780,171730,44060,47796,197.3,1.754385965,1,57,0,2,0.096542228,0.141210993,-0.044668765
"Owensboro, KY Metro Area",owensboro,36980,121559,19711,37803,133.4,3.174603175,2,63,0,0,0.17469546,0.095476668,0.079218792
"Oxnard-Thousand Oaks-Ventura, CA Metro Area",venturacounty,37100,843843,251388,162207,216,2.312138728,4,173,2,3,0.127234843,0.154594904,-0.027360061
"Palm Bay-Melbourne-Titusville, FL Metro Area",321,37340,606612,148549,207883,371,2.787456446,8,287,2,1,0.153391135,0.265531062,-0.112139927
"Panama City, FL Metro Area",panamacity,37460,175216,25614,66097,443.9,2.777777778,3,108,0,0,0.152858527,0.317706842,-0.164848315
"Parkersburg-Vienna, WV Metro Area",parkersburg,37620,89490,11392,29336,435.8,0,0,27,0,0,0,0.311909533,-0.311909533
"Pensacola-Ferry Pass-Brent, FL Metro Area",pensacola,37860,509905,98541,174059,409.7,2.074688797,10,482,2,0,0.114168195,0.293229316,-0.179061121
"Peoria, IL Metro Area",peoriail,37900,402391,83880,111632,451.9,0.961538462,3,312,1,1,0.052912567,0.323432579,-0.270520012
"Philadelphia-Camden-Wilmington, PA-NJ-DE-MD Metro Area",philadelphia,37980,6245051,2159402,1162186,409,6.690279418,170,2541,3,4,0.368159853,0.292728314,0.075431539
"Phoenix-Mesa-Chandler, AZ Metro Area",phoenix,38060,4845832,1115880,1102742,426.5,3.486529319,44,1262,3,2,0.191860465,0.305253364,-0.113392899
"Pine Bluff, AR Metro Area",pinebluff,38220,87751,16664,15117,895.4,12.5,4,32,0,2,0.687863372,0.640853135,0.047010237
"Pittsburgh, PA Metro Area",pittsburgh,38300,2370930,652507,683045,274.6,3.758741259,86,2288,3,2,0.206840035,0.196535929,0.010304106
"Pittsfield, MA Metro Area",pittsfield,38340,129026,51705,18064,380.7,2,1,50,0,4,0.11005814,0.272473518,-0.162415378
"Pocatello, ID Metro Area",pocatello,38540,94896,15547,25447,299.4,2.53164557,2,79,0,1,0.139314101,0.214285714,-0.074971613
"Port St. Lucie, FL Metro Area",portstlucie,38940,487657,121030,147549,238.8,5.479452055,4,73,1,1,0.301529149,0.170913255,0.130615894
"Portland-South Portland, ME Metro Area",portlandme,38860,551740,213476,124156,114.6,3.074670571,21,683,2,4,0.169196261,0.082021185,0.087175076
"Portland-Vancouver-Hillsboro, OR-WA Metro Area",portland,38900,2512859,900757,469466,302.6,11.3618369,287,2526,3,4,0.625231315,0.216576009,0.408655306
"Poughkeepsie-Newburgh-Middletown, NY Metro Area",hudsonvalley,39100,697221,166398,151940,191.2,1.923076923,6,312,2,2,0.105825134,0.136845119,-0.031019985
"Prescott Valley-Prescott, AZ Metro Area",prescott,39150,236209,49602,91527,277.1,0,0,114,1,0,0,0.198325222,-0.198325222
"Providence-Warwick, RI-MA Metro Area",rhodeisland,39300,1676579,459587,319709,282.6,2.824267782,27,956,3,3,0.155416829,0.202261666,-0.046844837
"Provo-Orem, UT Metro Area",provoutah,39340,671185,76678,197899,90.2,0,0,44,2,0,0,0.064557687,-0.064557687
"Pueblo, CO Metro Area",pueblo,39380,168162,43772,42252,693.4,2.255639098,3,133,0,2,0.124125721,0.496278271,-0.37215255
"Punta Gorda, FL Metro Area",puntagorda,39460,186847,42273,73243,196.2,0,0,35,0,0,0,0.140423705,-0.140423705
"Racine, WI Metro Area",racine,39540,197727,50159,54479,318.1,5.633802817,4,71,0,2,0.310022928,0.227669625,0.082353303
"Raleigh-Cary, NC Metro Area",raleigh,39580,1413982,450472,315451,172.6,1.903695409,34,1786,3,3,0.104758587,0.12353278,-0.018774193
"Rapid City, SD Metro Area",rapidcity,39660,139074,23891,44938,532.2,6.779661017,4,59,0,0,0.373078439,0.380904666,-0.007826227
"Reading, PA Metro Area",readingpa,39740,428849,92895,109736,236.4,0,0,106,1,1,0,0.169195534,-0.169195534
"Redding, CA Metro Area",redding,39820,182155,30000,60789,650.1,8.333333333,14,168,0,0,0.458575581,0.465287718,-0.006712137
"Reno, NV Metro Area",reno,39900,490596,129030,118668,469,2.266545784,25,1103,1,2,0.124725906,0.335671343,-0.210945437
"Richmond, VA Metro Area",rva,40060,1314434,406856,300888,227.7,2.675585284,56,2093,3,3,0.147234969,0.162968795,-0.015733826
"Riverside-San Bernardino-Ontario, CA Metro Area",inlandempire,40140,4599839,984199,815401,425.9,6.622516556,10,151,3,3,0.364430926,0.304823934,0.059606992
"Roanoke, VA Metro Area",roanoke,40220,315251,68390,96088,238.9,0.324675325,1,308,1,1,0.017866581,0.170984827,-0.153118246
"Rochester, MN Metro Area",rochestermn,40340,226329,62817,62929,152.5,1.793721973,4,223,1,2,0.098706852,0.109146865,-0.010440013
"Rochester, NY Metro Area",rochester,40380,1090135,294234,237163,248.7,3.496503497,45,1287,3,3,0.192409335,0.177998855,0.01441048
"Rockford, IL Metro Area",rockford,40420,338798,74598,74744,634.5,8.064516129,15,186,1,2,0.443782821,0.454122531,-0.01033971
"Rocky Mount, NC Metro Area",rockymountnc,40580,143870,42036,35033,417.2,11.29032258,7,62,0,3,0.621295949,0.298597194,0.322698755
"Rome, GA Metro Area",romega,40660,98584,11917,28906,333,0,0,57,0,0,0,0.23833381,-0.23833381
"Sacramento-Roseville-Folsom, CA Metro Area",sacramento,40900,2397382,666896,471023,354.1,6.146926537,164,2668,3,3,0.338259649,0.253435442,0.084824207
"Saginaw, MI Metro Area",saginaw,40980,190124,51088,50785,623.6,4.87804878,4,82,0,2,0.268434487,0.446321214,-0.177886727
"Salem, OR Metro Area",salem,41420,433353,103789,102734,270.1,5.936073059,26,438,1,2,0.326656579,0.193315202,0.133341377
"Salinas, CA Metro Area",salinas,41500,439035,113953,46299,329.9,5.714285714,4,70,1,4,0.314451827,0.236115087,0.07833674
"Salisbury, MD-DE Metro Area",oceancity,41540,418046,95537,118484,331.5,1.724137931,2,116,1,1,0.094877706,0.237260235,-0.142382529
"Salt Lake City, UT Metro Area",saltlakecity,41620,1257936,298849,251188,366.7,2.441189525,55,2253,3,3,0.134336389,0.262453478,-0.128117089
"San Angelo, TX Metro Area",san_angelo,41660,122888,12410,33656,328.3,0,0,60,0,0,0,0.23496994,-0.23496994
"San Antonio-New Braunfels, TX Metro Area",sanantonio,41700,2558143,529607,495195,515.9,3.83480826,65,1695,3,2,0.211025931,0.369238477,-0.158212546
"San Diego-Chula Vista-Carlsbad, CA Metro Area",sandiego,41740,3298634,964650,600094,341.2,4.257274119,139,3265,3,3,0.234273835,0.244202691,-0.009928856
"San Francisco-Oakland-Berkeley, CA Metro Area",sanfrancisco,41860,4749008,1831985,445799,470.8,7.310177706,181,2476,3,4,0.402272279,0.336959634,0.065312645
"San Jose-Sunnyvale-Santa Clara, CA Metro Area",sanjose,41940,2000468,635595,225202,325,4.732350659,61,1289,3,4,0.260416855,0.232608073,0.027808782
"San Luis Obispo-Paso Robles, CA Metro Area",slo,42020,282424,88310,67436,222.3,5.514705882,15,272,1,3,0.303469135,0.159103922,0.144365213
"Santa Cruz-Watsonville, CA Metro Area",santacruz,42100,270861,114246,26937,404.6,3.074433657,19,618,1,4,0.169183224,0.289579158,-0.120395934
"Santa Fe, NM Metro Area",santafe,42140,154823,62530,18329,395.6,1.15942029,4,345,0,4,0.06380182,0.283137704,-0.219335884
"Santa Maria-Santa Barbara, CA Metro Area",santabarbara,42200,448229,129963,65736,333.1,1.848049281,9,487,1,4,0.101696433,0.238405382,-0.136708949
"Santa Rosa-Petaluma, CA Metro Area",santarosa,42220,488863,199938,61825,405.1,3.03030303,10,330,1,4,0.166754757,0.289937017,-0.12318226
"Savannah, GA Metro Area",savannah,42340,404798,92703,90833,386,2.3988006,16,667,1,2,0.132003766,0.276266819,-0.144263053
"Scranton--Wilkes-Barre, PA Metro Area",scranton,42540,567559,131568,149199,401,1.587301587,2,126,2,1,0.08734773,0.287002577,-0.199654847
"Seattle-Tacoma-Bellevue, WA Metro Area",seattlewa,42660,4018762,1413544,633325,359,18.17221342,344,1893,3,4,1,0.256942456,0.743057544
"Sebastian-Vero Beach, FL Metro Area",verobeach,42680,159788,37844,58872,221.6,1.886792453,1,53,0,1,0.103828434,0.15860292,-0.054774486
"Sebring-Avon Park, FL Metro Area",sebring,42700,101235,16938,34873,265.3,0,0,23,0,0,0,0.18987976,-0.18987976
"Sheboygan, WI Metro Area",sheboygan,43100,118034,27101,37609,179.5,6.666666667,5,75,0,1,0.366860465,0.128471228,0.238389237
"Sherman-Denison, TX Metro Area",shermantx,43300,135543,14506,44163,253.6,0,0,11,0,0,0,0.181505869,-0.181505869
"Shreveport-Bossier City, LA Metro Area",shreveport,43340,393406,76229,95207,563.2,4.385964912,10,228,1,1,0.241355569,0.403091898,-0.161736329
"Sierra Vista-Douglas, AZ Metro Area",sierravista,43420,125447,23732,35557,217.9,5.633802817,4,71,0,1,0.310022928,0.155954767,0.154068161
"Sioux City, IA-NE-SD Metro Area",siouxcity,43580,149940,24824,37941,315.6,6.097560976,5,82,0,1,0.335543108,0.225880332,0.109662776
"Sioux Falls, SD Metro Area",siouxfalls,43620,276730,54371,74224,388.1,1.231527094,5,406,1,1,0.06776979,0.277769825,-0.210000035
"South Bend-Mishawaka, IN-MI Metro Area",southbend,43780,324501,69026,69863,443.8,2.48447205,4,161,1,2,0.136718186,0.317635271,-0.180917085
"Spartanburg, SC Metro Area",spartanburg,43900,327997,52926,93560,503,1.123595506,1,89,1,0,0.061830415,0.360005726,-0.298175311
"Spokane-Spokane Valley, WA Metro Area",spokane,44060,585784,143604,168384,381,4.665959703,44,943,2,1,0.256763422,0.272688234,-0.015924812
"Springfield, IL Metro Area",springfieldil,44100,208640,50939,58249,584,2.727272727,3,110,1,1,0.150079281,0.417978815,-0.267899534
"Springfield, MA Metro Area",springfield,44140,699162,219340,120800,471.7,6.034482759,7,116,2,4,0.332071973,0.337603779,-0.005531806
"Springfield, MO Metro Area",springfieldmo,44180,475432,74037,151899,632.7,3.791469194,24,633,1,0,0.208641023,0.45283424,-0.244193217
"Springfield, OH Metro Area",springfieldoh,44220,136001,24076,39032,246.5,0,0,32,0,1,0,0.176424277,-0.176424277
"St. Cloud, MN Metro Area",saintcloud,41060,199671,39159,65341,184.8,8,6,75,0,0,0.440232558,0.132264529,0.307968029
"St. George, UT Metro Area",stgeorge,41100,180279,20530,67294,169.9,2.02020202,2,99,0,0,0.111169838,0.121600344,-0.010430506
"St. Joseph, MO-KS Metro Area",stjoseph,41140,121467,17412,36509,404.8,6,3,50,0,0,0.330174419,0.289722302,0.040452117
"St. Louis, MO-IL Metro Area",stlouis,41180,2820253,741752,693693,455.1,3.911870504,87,2224,3,2,0.215266595,0.325722874,-0.110456279
"State College, PA Metro Area",statecollege,44300,158172,40055,36372,122.2,4.938271605,4,81,0,2,0.271748493,0.087460636,0.184287857
"Staunton, VA Metro Area",staunton,44420,125433,22782,41916,170.9,1.388888889,1,72,0,0,0.076429264,0.122316061,-0.045886797
"Stockton, CA Metro Area",stockton,44700,779233,161137,121098,788.5,6.140350877,7,114,2,3,0.337897797,0.564342972,-0.226445175
"Sumter, SC Metro Area",sumter,44940,136700,35629,29361,718.6,9.259259259,5,54,0,3,0.509528424,0.514314343,-0.004785919
"Syracuse, NY Metro Area",syracuse,45060,662057,174941,142266,280,4.150197628,21,506,2,3,0.228381515,0.200400802,0.027980713
"Tallahassee, FL Metro Area",tallahassee,45220,384298,128918,82271,527.5,1.486988848,8,538,1,3,0.081827613,0.377540796,-0.295713183
"Tampa-St. Petersburg-Clearwater, FL Metro Area",tampa,45300,3175275,810409,853640,292.1,4.149715216,51,1229,3,2,0.228354968,0.209060979,0.019293989
"Terre Haute, IN Metro Area",terrehaute,45460,185031,26476,51319,268.9,1.01010101,1,99,0,0,0.055584919,0.192456341,-0.136871422
"Texarkana, TX-AR Metro Area",texarkana,45500,147519,16218,42751,451.9,6.666666667,5,75,0,0,0.366860465,0.323432579,0.043427886
"The Villages, FL Metro Area",thevillagesflorida,45540,129752,29341,62761,187.3,2.040816327,1,49,0,0,0.112304224,0.134053822,-0.021749598
"Toledo, OH Metro Area",toledo,45780,646604,161700,147879,471.7,2.98102981,11,369,2,2,0.164043297,0.337603779,-0.173560482
"Topeka, KS Metro Area",topeka,45820,233152,51190,59844,492.8,3.409090909,3,88,1,1,0.187599101,0.352705411,-0.16510631
"Trenton-Princeton, NJ Metro Area",trenton,45940,387340,122532,51641,346.6,5.357142857,3,56,1,4,0.294798588,0.248067564,0.046731024
"Tucson, AZ Metro Area",tucson,46060,1043433,304981,207758,447.4,1.937657961,23,1187,3,3,0.106627515,0.320211852,-0.213584337
"Tulsa, OK Metro Area",tulsa,46140,1015331,140991,253452,529.6,4.038004751,34,842,3,0,0.222207645,0.379043802,-0.156836157
"Tuscaloosa, AL Metro Area",tuscaloosa,46220,268674,50334,60778,396.3,5.517241379,8,145,1,1,0.303608661,0.283638706,0.019969955
"Twin Falls, ID Metro Area",twinfalls,46300,114283,11284,31631,286.8,3.448275862,3,87,0,0,0.189755413,0.205267678,-0.015512265
"Tyler, TX Metro Area",tylertx,46340,233479,29615,69080,334.1,1.986754967,3,151,1,0,0.109329278,0.239121099,-0.129791821
"Urban Honolulu, HI Metro Area",honolulu,46520,1016508,238869,136259,270.6,5.913978495,11,186,3,4,0.325440735,0.19367306,0.131767675
"Utica-Rome, NY Metro Area",utica,46540,292264,51912,76731,271.4,1.063829787,1,94,1,1,0.058541564,0.194245634,-0.13570407
"Valdosta, GA Metro Area",valdosta,46660,148126,24093,33718,303.5,6.756756757,5,74,0,1,0.371818039,0.217220155,0.154597884
"Vallejo, CA Metro Area",vallejo,46700,453491,131639,69306,472.9,8.823529412,9,102,1,4,0.485550616,0.33846264,0.147087976
"Victoria, TX Metro Area",vtown,47020,98331,11257,26443,464.4,2,1,50,0,0,0.11005814,0.332379044,-0.222320904
"Vineland-Bridgeton, NJ Metro Area",vineland,47220,154152,32742,28952,421.8,4.347826087,1,23,0,3,0.239256825,0.301889493,-0.062632668
"Virginia Beach-Norfolk-Newport News, VA-NC Metro Area",norfolk,47260,1799674,481915,355016,349.5,5.670103093,22,388,3,3,0.312020499,0.250143143,0.061877356
"Visalia, CA Metro Area",visalia,47300,473117,66105,77579,364,4.273504274,5,117,1,1,0.235166965,0.260521042,-0.025354077
"Waco, TX Metro Area",waco,47380,277547,38587,63720,427.8,7.920792079,24,303,1,1,0.43587382,0.306183796,0.129690024
"Walla Walla, WA Metro Area",wallawalla,47460,62584,13690,16400,237.9,2.469135802,2,81,0,1,0.135874246,0.17026911,-0.034394864
"Warner Robins, GA Metro Area",warnerrobins,47580,191614,38161,48046,414.7,5.084745763,3,59,0,1,0.279808829,0.296807902,-0.016999073
"Washington-Arlington-Alexandria, DC-VA-MD-WV Metro Area",washingtondc,47900,6385162,2320658,818418,266.2,4.916631039,115,2339,3,4,0.270557632,0.190523905,0.080033727
"Waterloo-Cedar Falls, IA Metro Area",waterlooiowa,47940,168461,43811,42863,318,1.428571429,1,70,0,2,0.078612957,0.227598053,-0.148985096
"Watertown-Fort Drum, NY Metro Area",watertownny,48060,116721,17307,25629,219.8,4.545454545,4,88,0,1,0.250132135,0.157314629,0.092817506
"Wausau-Weston, WI Metro Area",wausau,48140,166428,37069,54641,220.9,4.109589041,3,73,0,1,0.226146862,0.158101918,0.068044944
"Weirton-Steubenville, WV-OH Metro Area",steubenville,48260,116903,16755,40179,154.5,5.454545455,3,55,0,0,0.300158562,0.110578299,0.189580263
"Wenatchee, WA Metro Area",wenatchee,48300,122012,27160,35701,106.1,5.217391304,6,115,0,1,0.28710819,0.075937589,0.211170601
"Wheeling, WV-OH Metro Area",wheelingwv,48540,139513,19816,46349,301.7,1.612903226,1,62,0,0,0.088756564,0.215931864,-0.1271753
"Wichita Falls, TX Metro Area",wichitafalls,48660,148128,14221,41438,343.6,3.846153846,2,52,0,0,0.211650268,0.245920412,-0.034270144
"Wichita, KS Metro Area",wichita,48620,647610,114389,163337,781.2,2.853067047,20,701,2,1,0.157001626,0.559118236,-0.40211661
"Williamsport, PA Metro Area",williamsport,48700,114188,16971,41462,171.1,2.985074627,2,67,0,0,0.16426588,0.122459204,0.041806676
"Wilmington, NC Metro Area",wilmington,48900,285905,77861,85287,380,3.628117914,16,441,1,2,0.199651954,0.271972516,-0.072320562
"Winchester, VA-WV Metro Area",winchester,49020,142632,25756,43812,160.8,0,0,84,0,0,0,0.115087317,-0.115087317
"Winston-Salem, NC Metro Area",winstonsalem,49180,675966,151431,204027,1073.6,2.316602317,12,518,2,1,0.127480471,0.768393931,-0.64091346
"Worcester, MA-CT Metro Area",worcesterma,49340,978529,275479,200824,310.4,2.580645161,12,465,2,3,0.142010503,0.222158603,-0.0801481
"Yakima, WA Metro Area",yakima,49420,256728,43179,50555,279.6,5.376344086,5,93,1,1,0.295855214,0.200114515,0.095740699
"York-Hanover, PA Metro Area",yorkpa,49620,456438,88114,146733,251.6,1.408450704,1,71,1,1,0.077505732,0.180074435,-0.102568703
"Youngstown-Warren-Boardman, OH-PA Metro Area",youngstown,49660,541243,123227,151240,649.9,1.801801802,2,111,2,1,0.099151477,0.465144575,-0.365993098
"Yuba City, CA Metro Area",yubacity,49700,181208,28597,42051,369.3,5.172413793,3,58,0,1,0.284633119,0.264314343,0.020318776
"Yuma, AZ Metro Area",yuma,49740,203881,32210,36534,277.8,0.862068966,1,116,1,1,0.047438853,0.198826224,-0.151387371
