NAME,SUBREDDIT,ID,POP,DEM,REP,CRIME_RATE,P_CRIME_RATE,P_CRIME_HITS,TOTAL_HITS,POP_CLASS,POL_CLASS
"Abilene, TX Metro Area",abilene,10180,176579,16321,51219,0.259373991,0.012658227848101266,1,79,0,0
"Akron, OH Metro Area",akron,10420,702219,187329,170823,0.253766987,0.02336448598130841,5,214,2,2
"Albany, GA Metro Area",albanyga,10500,148922,33897,31282,0.530479043,0.03389830508474576,2,59,0,2
"Albany-Lebanon, OR Metro Area",albanyor,10540,128610,26512,43486,0.054428116,0.016666666666666666,1,60,0,1
"Albany-Schenectady-Troy, NY Metro Area",albany,10580,899262,256724,188930,0.081844891,0.024834437086092714,30,1208,2,3
"Albuquerque, NM Metro Area",albuquerque,10740,916528,250952,172445,0.828779917,0.045335658238884045,52,1147,2,3
"Alexandria, LA Metro Area",centrallouisiana,10780,152192,20632,46464,0.480971405,0.08823529411764706,6,68,0,0
"Allentown-Bethlehem-Easton, PA-NJ Metro Area",lehighvalley,10900,861889,219488,224866,0.054647408,0.02459016393442623,6,244,2,2
"Altoona, PA Metro Area",altoona,11020,122822,17636,45306,0.214945205,0.034482758620689655,2,58,0,0
"Amarillo, TX Metro Area",amarillo,11100,268761,23176,78347,0.538396568,0.0660377358490566,14,212,1,0
"Ames, IA Metro Area",ames,11180,125252,35478,29035,0.10778271,0.045454545454545456,4,88,0,3
"Anchorage, AK Metro Area",anchorage,11260,398328,85169,110526,0.899007853,0.023593466424682397,13,551,1,1
"Ann Arbor, MI Metro Area",annarbor,11460,372258,157136,56241,0.083006947,0.012016021361815754,9,749,1,4
"Anniston-Oxford, AL Metro Area",oxfordal,11500,116441,15216,35101,0.554787403,0.1568627450980392,8,51,0,0
"Appleton, WI Metro Area",appleton,11540,243147,59783,76541,0.084722411,0.015267175572519083,2,131,1,1
"Asheville, NC Metro Area",asheville,11700,469015,141771,133257,0.148182894,0.03353658536585366,44,1312,1,2
"Athens-Clarke County, GA Metro Area",athens,12020,215415,50067,47963,0.357449574,0.019522776572668113,9,461,1,2
"Atlanta-Sandy Springs-Alpharetta, GA Metro Area",atlanta,12060,6089815,1684934,1203788,0.218003338,0.05726872246696035,39,681,3,3
"Atlantic City-Hammonton, NJ Metro Area",atlanticcity,12100,274534,73808,64438,0.117653915,0.015384615384615385,2,130,1,3
"Auburn-Opelika, AL Metro Area",opelika,12220,174241,27860,42221,0.137740256,0.043478260869565216,1,23,0,1
"Augusta-Richmond County, GA-SC Metro Area",augusta,12260,611000,136387,148135,0.253355155,0.009345794392523364,2,214,2,2
"Austin-Round Rock-Georgetown, TX Metro Area",austin,12420,2283371,661325,377293,0.173121232,0.03623898139079334,148,4084,3,4
"Bakersfield, CA Metro Area",bakersfield,12540,909235,133366,164484,0.194229215,0.056795131845841784,28,493,2,1
"Baltimore-Columbia-Towson, MD Metro Area",baltimore,12580,2844510,878185,507676,0.390260537,0.04178272980501393,60,1436,3,4
"Bangor, ME Metro Area",bangor,12620,152199,37713,44825,0.022996209,0.014705882352941176,1,68,0,1
"Barnstable Town, MA Metro Area",capecod,12700,228996,91994,55311,0.077730615,0.018433179723502304,4,217,1,3
"Baton Rouge, LA Metro Area",batonrouge,12940,870569,179863,226976,0.237316054,0.06340579710144928,35,552,2,1
"Battle Creek, MI Metro Area",battlecreek,12980,134310,28877,36221,0.422902241,0.04878048780487805,4,82,0,1
"Bay City, MI Metro Area",baycitymichigan,13020,103856,26151,33125,0.260938222,0.14,7,50,0,1
"Beaumont-Port Arthur, TX Metro Area",beaumont,13140,397565,55904,100614,0.312150214,0.0594059405940594,6,101,1,0
"Beckley, WV Metro Area",beckleywv,13220,115079,13045,36253,0.127738336,0.0,0,22,0,0
"Bellingham, WA Metro Area",bellingham,13380,226847,83660,50489,0.110647264,0.04055032585083273,56,1381,1,3
"Bend, OR Metro Area",bend,13460,198253,65962,55646,0.077678522,0.02878787878787879,19,660,0,3
"Billings, MT Metro Area",billings,13740,184167,34256,59702,0.324705295,0.015384615384615385,2,130,0,0
"Binghamton, NY Metro Area",binghamton,13780,247138,56636,58582,0.143644442,0.08677685950413223,21,242,1,2
"Birmingham-Hoover, AL Metro Area",birmingham,13820,1115289,230399,303030,0.360893006,0.02527075812274368,21,831,3,1
"Bismarck, ND Metro Area",bismarck,13900,133626,18349,47905,0.170625477,0.0,0,84,0,0
"Blacksburg-Christiansburg, VA Metro Area",blacksburg,13980,166378,33657,42418,0.03005205,0.06666666666666667,3,45,0,1
"Bloomington, IL Metro Area",bloomingtonnormal,14010,170954,43933,40502,0.226376686,0.016260162601626018,2,123,0,2
"Bloomington, IN Metro Area",bloomington,14020,161039,42281,29357,0.287507995,0.03379224030037547,27,799,0,3
"Bloomsburg-Berwick, PA Metro Area",bloomsburg,14100,82863,14303,25942,0.042238393,0.018867924528301886,1,53,0,0
"Boise City, ID Metro Area",boise,14260,764718,150243,207713,0.084867886,0.026565464895635674,14,527,2,1
"Boston-Cambridge-Newton, MA-NH Metro Area",boston,14460,4941632,1743643,803274,0.085882559,0.04358974358974359,136,3120,3,4
"Boulder, CO Metro Area",boulder,14500,330758,159089,42501,0.084049365,0.043668122270742356,40,916,1,4
"Bowling Green, KY Metro Area",bowlinggreen,14540,179639,26427,49166,0.113004414,0.037037037037037035,3,81,0,0
"Bremerton-Silverdale-Port Orchard, WA Metro Area",bremerton,14740,275611,90277,61563,0.060955477,0.0410958904109589,3,73,1,3
"Bridgeport-Stamford-Norwalk, CT Metro Area",stamfordct,14860,957419,297505,168445,0.088049224,0.013888888888888888,2,144,2,4
"Brownsville-Harlingen, TX Metro Area",brownsville,15180,421017,64063,49032,0.184315598,0.031914893617021274,3,94,1,3
"Brunswick, GA Metro Area",brunswickga,15260,113495,19194,36626,0.455526675,0.07142857142857142,4,56,0,0
"Buffalo-Cheektowaga, NY Metro Area",buffalo,15380,1166902,313299,253620,0.217070499,0.08302583025830258,90,1084,3,3
"Burlington, NC Metro Area",burlingtonnc,15500,225562,38825,46056,0.20393506,0.04,2,50,1,1
"Burlington-South Burlington, VT Metro Area",burlington,15540,171415,91477,34101,0.101508036,0.07875457875457875,43,546,0,4
"California-Lexington Park, MD Metro Area",somd,15680,113777,23138,30826,0.188966136,0.012345679012345678,1,81,0,1
"Canton-Massillon, OH Metro Area",canton,15940,401574,79155,121842,0.244288724,0.02666666666666667,2,75,1,1
"Cape Coral-Fort Myers, FL Metro Area",capecoral,15980,760822,157695,233247,0.029704714,0.05172413793103448,3,58,2,1
"Cape Girardeau, MO-IL Metro Area",capegirardeau,16020,97517,12624,35560,0.238932699,0.029411764705882353,2,68,0,0
"Carbondale-Marion, IL Metro Area",carbondale,16060,133435,22668,38750,0.155881141,0.016129032258064516,1,62,0,0
"Carson City, NV Metro Area",carsoncity,16180,58639,12735,16113,0.262623851,0.0125,1,80,0,1
"Casper, WY Metro Area",casper,16220,79955,8530,25271,0.211368895,0.07142857142857142,6,84,0,0
"Cedar Rapids, IA Metro Area",cedarrapids,16300,276520,80247,69124,0.124764936,0.04861111111111111,21,432,1,3
"Chambersburg-Waynesboro, PA Metro Area",chambersburg,16540,155932,22422,57245,0.037837006,0.0,0,59,0,0
"Champaign-Urbana, IL Metro Area",champaign,16580,222538,60396,41533,0.371621925,0.0,0,93,1,3
"Charleston, WV Metro Area",charlestonwv,16620,258859,41944,71998,0.12786884,0.031746031746031744,2,63,1,0
"Charleston-North Charleston, SC Metro Area",charleston,16700,799636,200532,192607,0.064529361,0.01935483870967742,12,620,2,2
"Charlotte-Concord-Gastonia, NC-SC Metro Area",charlotte,16740,2660329,680904,675531,0.262448742,0.027493261455525605,51,1855,3,2
"Charlottesville, VA Metro Area",charlottesville,16820,221524,79066,35576,0.070872682,0.023510971786833857,15,638,1,4
"Chattanooga, TN-GA Metro Area",chattanooga,16860,562647,93960,162280,0.345865169,0.03248587570621469,23,708,2,0
"Cheyenne, WY Metro Area",cheyenne,16940,100512,15217,27891,0.218879338,0.0736196319018405,12,163,0,0
"Chicago-Naperville-Elgin, IL-IN-WI Metro Area",chicago,16980,9618502,2883015,1475610,0.26544674,0.048634493078937524,130,2673,3,4
"Chico, CA Metro Area",chicoca,17020,211632,50426,48730,0.263192712,0.06521739130434782,15,230,1,2
"Cincinnati, OH-KY-IN Metro Area",cincinnati,17140,2256884,487184,647633,0.113519348,0.03254626675175495,51,1567,3,1
"Clarksville, TN-KY Metro Area",clarksville,17300,320535,43791,67704,0.288892009,0.013422818791946308,2,149,1,1
"Cleveland, TN Metro Area",clevelandtn,17420,126164,11343,41996,0.367775277,0.03333333333333333,2,60,0,0
"Cleveland-Elyria, OH Metro Area",cleveland,17460,2088251,608358,454238,0.277313407,0.02561837455830389,29,1132,3,3
"Coeur d'Alene, ID Metro Area",coeurdalene,17660,171362,24312,62837,0.077029913,0.015544041450777202,3,193,0,0
"College Station-Bryan, TX Metro Area",collegestation,17780,268248,39511,59919,0.083877606,0.025806451612903226,4,155,1,1
"Colorado Springs, CO Metro Area",coloradosprings,17820,755105,167219,214069,0.371603949,0.0249500998003992,25,1002,2,1
"Columbia, MO Metro Area",columbiamo,17860,210864,53726,48471,0.190169967,0.007481296758104738,3,401,1,3
"Columbia, SC Metro Area",columbiasc,17900,829470,208820,186741,0.125019591,0.04285714285714286,6,140,2,3
"Columbus, GA-AL Metro Area",columbusga,17980,328883,71406,59638,0.612679889,0.025806451612903226,4,155,1,3
"Columbus, IN Metro Area",columbusin,18020,82208,12934,22410,0.081500584,0.014925373134328358,1,67,0,0
"Columbus, OH Metro Area",columbus,18140,2138926,567327,480172,0.213237859,0.025661271219897353,65,2533,3,3
"Corpus Christi, TX Metro Area",corpus,18580,421933,69913,81133,0.62000365,0.014388489208633094,2,139,1,1
"Corvallis, OR Metro Area",corvallis,18700,95184,35827,14878,0.098756093,0.040268456375838924,12,298,0,4
"Crestview-Fort Walton Beach-Destin, FL Metro Area",destin,18880,286973,44586,112745,0.033452624,0.013793103448275862,2,145,1,0
"Cumberland, MD-WV Metro Area",cumberland_maryland,19060,95044,11818,30926,0.158873785,0.020833333333333332,1,48,0,0
"Dallas-Fort Worth-Arlington, TX Metro Area",dallas,19100,7637387,1535525,1466387,0.154031739,0.054533925174381735,86,1577,3,2
"Dalton, GA Metro Area",daltonga,19140,142837,12981,38588,0.300342348,0.011494252873563218,1,87,0,0
"Danville, IL Metro Area",danvilleil,19180,74188,10323,20725,0.722488812,0.0,0,3,0,0
"Daphne-Fairhope-Foley, AL Metro Area",baldwincountyal,19300,231767,24578,83544,0.015532841,0.0,0,58,1,0
"Davenport-Moline-Rock Island, IA-IL Metro Area",quadcities,19340,384324,96694,93004,0.158460049,0.021645021645021644,5,231,1,2
"Dayton-Kettering, OH Metro Area",dayton,19430,814049,185525,222477,0.165960526,0.018306636155606407,8,437,2,1
"Decatur, AL Metro Area",decaturalabama,19460,156494,16796,51986,0.145692487,0.109375,7,64,0,0
"Decatur, IL Metro Area",decaturillinois,19500,103998,19847,28589,0.360583857,0.0,0,43,0,1
"Deltona-Daytona Beach-Ormond Beach, FL Metro Area",deltona,19660,668921,158736,216864,0.120044071,0.02127659574468085,1,47,2,1
"Denver-Aurora-Lakewood, CO Metro Area",denver,19740,2963821,1024844,603431,0.184187911,0.05673249551166966,158,2785,3,4
"Des Moines-West Des Moines, IA Metro Area",desmoines,19780,709466,201603,181588,0.219178932,0.04057971014492753,28,690,2,3
"Detroit-Warren-Dearborn, MI Metro Area",detroit,19820,4392041,1351220,1026036,0.296900689,0.035977105478331974,44,1223,3,3
"Dothan, AL Metro Area",dothan,20020,151007,17118,50073,0.443688041,0.0,0,62,0,0
"Dover, DE Metro Area",doverde,20100,181851,44552,41009,0.183666848,0.0,0,26,0,2
"Dubuque, IA Metro Area",dubuque,20220,99266,25657,27214,0.11081337,0.012658227848101266,1,79,0,2
"Duluth, MN-WI Metro Area",duluth,20260,291638,94667,73124,0.100124126,0.006230529595015576,2,321,1,3
"Durham-Chapel Hill, NC Metro Area",bullcity,20500,649903,258099,103652,0.314816211,0.022271714922048998,20,898,2,4
"East Stroudsburg, PA Metro Area",stroudsburg,20700,168327,44060,38726,0.039209396,0.0625,1,16,0,3
"Eau Claire, WI Metro Area",eau_claire,20740,172007,45603,46658,0.111041992,0.045454545454545456,4,88,0,2
"El Centro, CA Metro Area",calexicoca,20940,179702,34678,20847,0.079576187,0.019230769230769232,1,52,0,3
"El Paso, TX Metro Area",elpaso,21300,868859,178497,85110,0.278756392,0.03090507726269316,14,453,2,4
"Elizabethtown-Fort Knox, KY Metro Area",elizabethtown,21340,155572,23237,45702,0.03149667,0.019230769230769232,1,52,0,0
"Elkhart-Goshen, IN Metro Area",elkhart,21060,207047,26108,46972,0.301380846,0.04918032786885246,3,61,1,0
"Elmira, NY Metro Area",elmirany,21140,84148,16636,21922,0.098635737,0.0196078431372549,1,51,0,1
"Enid, OK Metro Area",enidamerica,21420,62846,4919,16970,0.324602998,0.05263157894736842,2,38,0,0
"Erie, PA Metro Area",erie,21500,270876,68286,66869,0.175726163,0.03355704697986577,5,149,1,2
"Eugene-Springfield, OR Metro Area",eugene,21660,382971,134366,80336,0.172597925,0.039729501267962805,47,1183,1,4
"Evansville, IN-KY Metro Area",evansville,21780,314049,57738,85106,0.229582008,0.0111731843575419,2,179,1,1
"Fairbanks, AK Metro Area",fairbanks,21820,95655,17033,22028,0.258219644,0.014218009478672985,3,211,0,1
"Fargo, ND-MN Metro Area",fargo,22020,249843,56668,57662,0.229744279,0.027722772277227723,14,505,1,2
"Farmington, NM Metro Area",fourcorners,22140,121661,18083,32874,0.487419962,0.016129032258064516,1,62,0,0
"Fayetteville, NC Metro Area",fayettenam,22180,520378,118366,104662,0.352628282,0.04065040650406504,5,123,2,3
"Fayetteville-Springdale-Rogers, AR Metro Area",fayetteville,22220,546725,87636,127127,0.072431295,0.024390243902439025,5,205,2,1
"Flagstaff, AZ Metro Area",flagstaff,22380,145101,44698,27052,0.252927271,0.010714285714285714,3,280,0,3
"Flint, MI Metro Area",flint,22420,406211,119390,98714,0.316091883,0.0970873786407767,10,103,1,3
"Florence, SC Metro Area",florencesc,22500,199964,46373,49447,0.223540237,0.03508771929824561,2,57,0,2
"Florence-Muscle Shoals, AL Metro Area",florenceal,22520,150791,20258,50924,0.136612928,0.06451612903225806,4,62,0,0
"Fond du Lac, WI Metro Area",fonddulac,22540,104154,20588,35754,0.128655645,0.0,0,52,0,0
"Fort Collins, CO Metro Area",fortcollins,22660,359066,126120,91489,0.103323623,0.029982363315696647,17,567,1,3
"Fort Smith, AR-OK Metro Area",ftsmithar,22900,244310,23781,67595,0.353239736,0.015151515151515152,1,66,1,0
"Fort Wayne, IN Metro Area",fortwayne,23060,419601,77423,104945,0.232125281,0.024390243902439025,9,369,1,1
"Fresno, CA Metro Area",fresno,23420,1008654,193025,164464,0.2927664,0.018832391713747645,10,531,3,3
"Gadsden, AL Metro Area",gadsden,23460,103436,11567,35528,0.359642678,0.02040816326530612,1,49,0,0
"Gainesville, FL Metro Area",gnv,23540,339247,97609,75616,0.273547003,0.025735294117647058,14,544,1,3
"Gainesville, GA Metro Area",gainesvillega,23580,203136,25033,64183,0.38594833,0.016129032258064516,1,62,1,0
"Gettysburg, PA Metro Area",gettysburg,23900,103852,18207,37523,0.028887263,0.02857142857142857,2,70,0,0
"Glens Falls, NY Metro Area",glensfalls,24020,127039,29207,33640,0.022040476,0.05084745762711865,3,59,0,1
"Goldsboro, NC Metro Area",goldsboronc,24140,117333,24215,30709,0.227557465,0.0,0,58,0,1
"Grand Forks, ND-MN Metro Area",grandforks,24220,104362,18319,26852,0.159061727,0.013157894736842105,1,76,0,1
"Grand Island, NE Metro Area",gineb,24260,77038,9072,22394,0.306342325,0.0,0,6,0,0
"Grand Junction, CO Metro Area",grandjunction,24300,155703,31536,56894,0.15092837,0.043209876543209874,7,162,0,0
"Grand Rapids-Kentwood, MI Metro Area",grandrapids,24340,1087592,273224,309126,0.11824287,0.05079155672823219,77,1516,3,1
"Grants Pass, OR Metro Area",grantspass,24420,88090,18451,31751,0.153252356,0.07246376811594203,5,69,0,0
"Great Falls, MT Metro Area",greatfalls,24500,84414,15456,23315,0.357760561,0.07692307692307693,6,78,0,1
"Greeley, CO Metro Area",greeley,24540,328981,66060,96145,0.117332004,0.06382978723404255,6,94,1,1
"Green Bay, WI Metro Area",greenbay,24580,328268,76202,100024,0.161148817,0.036231884057971016,5,138,1,1
"Greensboro-High Point, NC Metro Area",gso,24660,776566,204696,195489,0.314203815,0.023809523809523808,10,420,2,2
"Greenville, NC Metro Area",greenvillencarolina,24780,170243,38982,47252,0.256691905,0.020618556701030927,2,97,0,1
"Greenville-Anderson, SC Metro Area",greenville,24860,928195,154003,280497,0.043309865,0.013623978201634877,10,734,2,0
"Gulfport-Biloxi, MS Metro Area",biloxi,25060,416259,51409,105213,0.056695471,0.011494252873563218,1,87,1,0
"Hagerstown-Martinsburg, MD-WV Metro Area",hagerstown,25180,293844,45228,80040,0.072487442,0.03409090909090909,3,88,1,0
"Hammond, LA Metro Area",hammond,25220,133157,18887,37806,0.224546963,0.05555555555555555,3,54,0,0
"Hanford-Corcoran, CA Metro Area",hanford,25260,152486,18699,24072,0.168540063,0.04,2,50,0,1
"Harrisburg-Carlisle, PA Metro Area",harrisburg,25420,591712,147178,161913,0.074867503,0.013793103448275862,2,145,2,2
"Harrisonburg, VA Metro Area",harrisonburg,25500,135571,23666,35940,0.082613538,0.03723404255319149,7,188,0,1
"Hartford-East Hartford-Middletown, CT Metro Area",hartford,25540,1213531,384367,234527,0.086441962,0.022727272727272728,3,132,3,3
"Hattiesburg, MS Metro Area",hattiesburg,25620,172231,25873,48348,0.06154525,0.0,0,84,0,0
"Hickory-Lenoir-Morganton, NC Metro Area",hickorync,25860,365276,53197,135614,0.045171323,0.03571428571428571,2,56,1,0
"Hilton Head Island-Bluffton, SC Metro Area",hiltonhead,25940,215908,50604,60272,0.298738352,0.0,0,127,1,1
"Hinesville, GA Metro Area",hinesvillega,25980,81424,15139,11486,0.514590293,0.0,0,22,0,3
"Homosassa Springs, FL Metro Area",homosassa,26140,153843,27092,65352,0.259355317,0.0,0,4,0,0
"Hot Springs, AR Metro Area",hotsprings,26300,100180,14045,29069,0.240566979,0.019801980198019802,2,101,0,0
"Houma-Thibodaux, LA Metro Area",houma,26380,207137,19870,70363,0.100899405,0.03508771929824561,2,57,1,0
"Houston-The Woodlands-Sugar Land, TX Metro Area",houston,26420,7122240,1330116,1302436,0.35462158,0.05016722408026756,105,2093,3,2
"Huntington-Ashland, WV-KY-OH Metro Area",huntingtonwv,26580,359862,49047,110780,0.091701819,0.0410958904109589,3,73,1,0
"Huntsville, AL Metro Area",huntsvillealabama,26620,491723,100958,137420,0.363415988,0.01944652206432311,26,1337,1,1
"Idaho Falls, ID Metro Area",idahofalls,26820,157429,16103,51106,0.109255601,0.0425531914893617,6,141,0,0
"Indianapolis-Carmel-Anderson, IN Metro Area",indianapolis,26900,2111040,460951,483480,0.529123086,0.0418702023726448,60,1433,3,2
"Iowa City, IA Metro Area",iowacity,26980,175419,63738,29896,0.095200634,0.02977667493796526,12,403,0,4
"Ithaca, NY Metro Area",ithaca,27060,105740,33619,11096,0.038774352,0.026755852842809364,8,299,0,4
"Jackson, MI Metro Area",jacksonmi,27100,160366,31995,47372,0.224486487,0.04,3,75,0,1
"Jackson, MS Metro Area",jacksonms,27140,591978,139428,127213,0.281767228,0.033707865168539325,3,89,2,2
"Jackson, TN Metro Area",jacksontn,27180,180504,26955,50827,0.360102823,0.0,0,56,0,0
"Jacksonville, FL Metro Area",jacksonville,27260,1605848,372324,483665,0.366535313,0.0248015873015873,25,1008,3,1
"Jacksonville, NC Metro Area",onslowcounty,27340,204576,24266,46078,0.122203973,0.018518518518518517,1,54,1,0
"Janesville-Beloit, WI Metro Area",janesville,27500,163687,46658,37138,0.090416466,0.05172413793103448,3,58,0,3
"Jefferson City, MO Metro Area",jeffersoncity,27620,150309,20909,53070,0.079170243,0.0,0,56,0,0
"Johnson City, TN Metro Area",johnsoncity,27740,207285,24782,66627,0.137974287,0.02127659574468085,1,47,1,0
"Johnstown, PA Metro Area",johnstown,27780,133472,21730,48085,0.179812994,0.07142857142857142,5,70,0,0
"Jonesboro, AR Metro Area",jonesboro,27860,134196,13345,31476,0.400160959,0.02,2,100,0,0
"Joplin, MO Metro Area",joplinmo,27900,181409,19367,59848,0.169230854,0.041666666666666664,5,120,0,0
"Kahului-Wailuku-Lahaina, HI Metro Area",maui,27980,164754,47305,22126,0.272527526,0.00975609756097561,2,205,0,4
"Kalamazoo-Portage, MI Metro Area",kzoo,28020,261670,83686,56823,0.362670539,0.025466893039049237,15,589,1,3
"Kankakee, IL Metro Area",kankakee,28100,107502,20271,28532,0.219530799,0.018867924528301886,1,53,0,1
"Kansas City, MO-KS Metro Area",kansascity,28140,2192035,559595,508524,0.323854318,0.03163686382393398,46,1454,3,2
"Kennewick-Richland, WA Metro Area",tricitieswa,28420,303622,52046,78404,0.083327295,0.03937007874015748,10,254,1,1
"Killeen-Temple, TX Metro Area",killeen,28660,475367,66723,91417,0.122642085,0.056818181818181816,5,88,1,1
"Kingsport-Bristol, TN-VA Metro Area",tricities,28700,307614,31977,112354,0.107927468,0.061452513966480445,11,179,1,0
"Kingston, NY Metro Area",hudsonvalley,28740,181851,57970,37590,0.037393251,0.019230769230769232,6,312,0,3
"Knoxville, TN Metro Area",knoxville,28940,879773,138943,262100,0.143105096,0.027777777777777776,19,684,2,0
"Kokomo, IN Metro Area",kokomo,29020,83658,13303,26449,0.468574434,0.06451612903225806,4,62,0,0
"La Crosse-Onalaska, WI-MN Metro Area",lacrossewi,29100,139627,42699,35018,0.087375651,0.04895104895104895,7,143,0,3
"Lafayette, LA Metro Area",lafayettela,29180,478384,69603,156499,0.138800629,0.061224489795918366,3,49,1,0
"Lafayette-West Lafayette, IN Metro Area",lafayette,29200,223716,39224,48075,0.157342345,0.027472527472527472,5,182,1,1
"Lake Charles, LA Metro Area",lakecharles,29340,222402,26306,58737,0.185699769,0.020833333333333332,2,96,1,0
"Lake Havasu City-Kingman, AZ Metro Area",lakehavasucity,29420,213267,24831,78535,0.040793934,0.0196078431372549,1,51,1,0
"Lakeland-Winter Haven, FL Metro Area",lakeland,29460,725046,145049,194586,0.048272799,0.029411764705882353,3,102,2,1
"Lancaster, PA Metro Area",lancaster,29540,552984,115847,160209,0.075770728,0.0196078431372549,9,459,2,1
"Lansing-East Lansing, MI Metro Area",lansing,29620,541297,162826,127684,0.242565542,0.04794520547945205,21,438,2,3
"Laredo, TX Metro Area",laredo,29700,267114,41280,25898,0.312974984,0.0,0,154,1,3
"Las Cruces, NM Metro Area",lascruces,29740,219561,47957,32802,0.234103507,0.05527638190954774,11,199,1,3
"Las Vegas-Henderson-Paradise, NV Metro Area",vegas,29820,2265461,521852,430930,0.390825532,0.0231629392971246,29,1252,3,3
"Lawrence, KS Metro Area",lawrence,29940,118785,40785,17286,0.324956855,0.03666666666666667,11,300,0,4
"Lawton, OK Metro Area",lawton,30020,126652,14140,23022,0.674288602,0.01818181818181818,1,55,0,1
"Lebanon, PA Metro Area",lebanonpa,30140,143257,23932,46731,0.045373001,0.0,0,6,0,0
"Lewiston, ID-WA Metro Area",lewistonid,30300,64375,10936,21057,0.065242718,0.12962962962962962,7,54,0,0
"Lewiston-Auburn, ME Metro Area",lamaine,30340,111139,27617,29268,0.096275835,0.15384615384615385,14,91,0,2
"Lexington-Fayette, KY Metro Area",lexington,30460,516811,125564,120086,0.187109021,0.020214030915576695,17,841,2,2
"Lima, OH Metro Area",lima,30620,102206,14149,33116,0.25340978,0.04,3,75,0,0
"Lincoln, NE Metro Area",lincoln,30700,340217,84731,76582,0.327732006,0.030476190476190476,16,525,1,3
"Little Rock-North Little Rock-Conway, AR Metro Area",littlerock,30780,748031,145320,170821,0.402256056,0.07077625570776255,31,438,2,1
"Logan, UT-ID Metro Area",logan,30860,147348,17307,43877,0.076689198,0.03418803418803419,4,117,0,0
"Longview, TX Metro Area",longviewtx,30980,286184,30210,86302,0.130685154,0.014925373134328358,1,67,1,0
"Longview, WA Metro Area",longview,31020,110730,23938,34424,0.09121286,0.05357142857142857,3,56,0,1
"Los Angeles-Long Beach-Anaheim, CA Metro Area",losangeles,31080,13200998,3842894,1822028,0.222710434,0.1200373657169547,257,2141,3,4
"Louisville/Jefferson County, KY-IN Metro Area",louisville,31140,1285439,314895,314390,0.360966176,0.044029352901934625,66,1499,3,2
"Lubbock, TX Metro Area",lubbock,31180,321368,40972,82110,0.813086555,0.020242914979757085,5,247,1,0
"Lynchburg, VA Metro Area",lynchburg,31340,261593,46384,91685,0.120798339,0.02702702702702703,4,148,1,0
"Macon-Bibb County, GA Metro Area",macon,31420,233802,56334,54354,0.636435959,0.028846153846153848,3,104,1,2
"Madera, CA Metro Area",madera,31460,156255,23168,29378,0.21375316,0.0,0,61,0,1
"Madison, WI Metro Area",madisonwi,31540,680796,295210,111799,0.138073667,0.03789338471419396,59,1557,2,4
"Manchester-Nashua, NH Metro Area",manchesternh,31700,422937,122344,104625,0.160307564,0.012345679012345678,1,81,1,3
"Manhattan, KS Metro Area",littleapple,31740,134046,20061,26385,0.201423392,0.04054054054054054,3,74,0,1
"Mankato, MN Metro Area",mankato,31860,103566,27952,25749,0.106212464,0.0,0,90,0,2
"Mansfield, OH Metro Area",mansfield,31900,124936,17640,41472,0.149676634,0.0,0,51,0,0
"McAllen-Edinburg-Mission, TX Metro Area",riograndevalley,32580,870781,128199,90527,0.016077521,0.03262955854126679,17,521,2,3
"Medford, OR Metro Area",medford,32780,223259,59478,63869,0.180507841,0.06741573033707865,12,178,1,2
"Memphis, TN-MS-AR Metro Area",memphis,32820,1337779,311568,236569,0.924442677,0.03428571428571429,36,1050,3,3
"Merced, CA Metro Area",merced,32900,281202,48991,39397,0.192032774,0.04285714285714286,3,70,1,3
"Miami-Fort Lauderdale-Pompano Beach, FL Metro Area",miami,33100,6138333,1670188,1200953,0.046429544,0.03276003276003276,40,1221,3,3
"Michigan City-La Porte, IN Metro Area",laportein,33140,112417,22427,25997,0.10318724,0.01098901098901099,1,91,0,1
"Midland, MI Metro Area",midland_mi,33220,83494,20493,27675,0.067070688,0.03076923076923077,2,65,0,1
"Midland, TX Metro Area",midessa,33260,175220,12617,47481,0.229996576,0.043010752688172046,4,93,0,0
"Milwaukee-Waukesha, WI Metro Area",milwaukee,33340,1574731,474600,388280,0.500021909,0.040865384615384616,68,1664,3,3
"Minneapolis-St. Paul-Bloomington, MN-WI Metro Area",minneapolis,33460,3690261,1259771,843877,0.108122434,0.0586890243902439,77,1312,3,3
"Missoula, MT Metro Area",missoula,33540,117922,43357,26347,0.262885636,0.024498886414253896,11,449,0,3
"Mobile, AL Metro Area",mobileal,33660,430197,81732,107807,0.374944502,0.027888446215139442,7,251,1,1
"Modesto, CA Metro Area",modesto,33700,552878,105841,104145,0.3179725,0.027586206896551724,4,145,2,2
"Monroe, LA Metro Area",monroela,33740,207104,33513,57172,0.407041873,0.0,0,15,1,0
"Monroe, MI Metro Area",monroemi,33780,154809,32975,52710,0.07363913,0.03278688524590164,2,61,0,1
"Montgomery, AL Metro Area",montgomery,33860,386047,87371,85149,0.314987553,0.023622047244094488,3,127,1,2
"Morgantown, WV Metro Area",morgantownwv,34060,140038,23445,31993,0.047844157,0.009523809523809525,1,105,0,1
"Morristown, TN Metro Area",morristowntn,34100,142709,11621,46027,0.178685297,0.09302325581395349,4,43,0,0
"Mount Vernon-Anacortes, WA Metro Area",sanjuanislands,34580,129523,38252,32762,0.042463501,0.036585365853658534,3,82,0,3
"Muncie, IN Metro Area",muncie,34620,111903,20474,26827,0.195705209,0.07936507936507936,5,63,0,1
"Muskegon, MI Metro Area",muskegon,34740,175824,45643,45133,0.175175175,0.07207207207207207,8,111,0,2
"Myrtle Beach-Conway-North Myrtle Beach, SC-NC Metro Area",myrtlebeach,34820,487722,92490,174671,0.085089457,0.017391304347826087,4,230,1,0
"Napa, CA Metro Area",napa,34900,138019,49817,20676,0.202870619,0.04716981132075472,5,106,0,4
"Naples-Marco Island, FL Metro Area",naples_fl,34940,375752,77621,128950,0.002927463,0.03723404255319149,7,188,1,1
"Nashville-Davidson--Murfreesboro--Franklin, TN Metro Area",nashville,34980,1989519,399251,493356,0.370742878,0.037589828634604756,68,1809,3,1
"New Bern, NC Metro Area",newbern,35100,122168,26058,39161,0.102318119,0.0,0,59,0,1
"New Haven-Milford, CT Metro Area",newhaven,35300,864835,242630,169893,0.135054664,0.025735294117647058,7,272,2,3
"New Orleans-Metairie, LA Metro Area",neworleans,35380,1271845,309534,282595,0.355074714,0.05290753098188751,111,2098,3,2
"New York-Newark-Jersey City, NY-NJ-PA Metro Area",nyc,35620,20140470,5385675,3001547,0.237437359,0.10722100656455143,196,1828,3,4
"Niles, MI Metro Area",bentonharbor,35660,154316,37438,43519,0.055729801,0.04081632653061224,2,49,0,1
"North Port-Sarasota-Bradenton, FL Metro Area",sarasota,35840,833716,210276,273357,0.011394768,0.023809523809523808,8,336,2,1
"Norwich-New London, CT Metro Area",newlondoncounty,35980,268555,79459,57110,0.055482117,0.06483790523690773,26,401,1,3
"Ocala, FL Metro Area",ocala,36100,375908,74858,127826,0.131149111,0.024193548387096774,3,124,1,0
"Ocean City, NJ Metro Area",capemay,36140,95263,23941,33158,0.006298353,0.016666666666666666,1,60,0,1
"Odessa, TX Metro Area",midessa,36220,165171,11367,32697,0.776165307,0.043010752688172046,4,93,0,0
"Ogden-Clearfield, UT Metro Area",ogden,36260,694863,103665,196813,0.055262692,0.017543859649122806,3,171,2,0
"Oklahoma City, OK Metro Area",okc,36420,1425695,224083,316731,0.333240981,0.03171247357293869,15,473,3,1
"Olympia-Lacey-Tumwater, WA Metro Area",olympia,36500,294793,96608,65277,0.086162154,0.03536345776031434,18,509,1,3
"Omaha-Council Bluffs, NE-IA Metro Area",omaha,36540,967604,226701,236351,0.297952468,0.02913533834586466,31,1064,2,2
"Orlando-Kissimmee-Sanford, FL Metro Area",orlando,36740,2673376,708344,569978,0.080684498,0.026094276094276093,31,1188,3,3
"Oshkosh-Neenah, WI Metro Area",oshkosh,36780,171730,44060,47796,0.110638793,0.017543859649122806,1,57,0,2
"Owensboro, KY Metro Area",owensboro,36980,121559,19711,37803,0.111057182,0.031746031746031744,2,63,0,0
"Oxnard-Thousand Oaks-Ventura, CA Metro Area",venturacounty,37100,843843,251388,162207,0.085797951,0.023121387283236993,4,173,2,3
"Palm Bay-Melbourne-Titusville, FL Metro Area",321,37340,606612,148549,207883,0.065280608,0.027874564459930314,8,287,2,1
"Panama City, FL Metro Area",panamacity,37460,175216,25614,66097,0.130125103,0.027777777777777776,3,108,0,0
"Parkersburg-Vienna, WV Metro Area",parkersburg,37620,89490,11392,29336,0.246954967,0.0,0,27,0,0
"Pensacola-Ferry Pass-Brent, FL Metro Area",pensacola,37860,509905,98541,174059,0.061187868,0.02074688796680498,10,482,2,0
"Peoria, IL Metro Area",peoriail,37900,402391,83880,111632,0.287779796,0.009615384615384616,3,312,1,1
"Philadelphia-Camden-Wilmington, PA-NJ-DE-MD Metro Area",philadelphia,37980,6245051,2159402,1162186,0.230902838,0.06690279417552145,170,2541,3,4
"Phoenix-Mesa-Chandler, AZ Metro Area",phoenix,38060,4845832,1115880,1102742,0.243570144,0.03486529318541997,44,1262,3,2
"Pine Bluff, AR Metro Area",pinebluff,38220,87751,16664,15117,0.73389477,0.125,4,32,0,2
"Pittsburgh, PA Metro Area",pittsburgh,38300,2370930,652507,683045,0.073852876,0.037587412587412584,86,2288,3,2
"Pittsfield, MA Metro Area",pittsfield,38340,129026,51705,18064,0.232511277,0.02,1,50,0,4
"Pocatello, ID Metro Area",pocatello,38540,94896,15547,25447,0.245531951,0.02531645569620253,2,79,0,1
"Port St. Lucie, FL Metro Area",portstlucie,38940,487657,121030,147549,0.060083214,0.0547945205479452,4,73,1,1
"Portland-South Portland, ME Metro Area",portlandme,38860,551740,213476,124156,0.029180411,0.03074670571010249,21,683,2,4
"Portland-Vancouver-Hillsboro, OR-WA Metro Area",portland,38900,2512859,900757,469466,0.136020366,0.11361836896278701,287,2526,3,4
"Poughkeepsie-Newburgh-Middletown, NY Metro Area",hudsonvalley,39100,697221,166398,151940,0.033705238,0.019230769230769232,6,312,2,2
"Prescott Valley-Prescott, AZ Metro Area",prescott,39150,236209,49602,91527,0.090597733,0.0,0,114,1,0
"Providence-Warwick, RI-MA Metro Area",rhodeisland,39300,1676579,459587,319709,0.053203577,0.028242677824267783,27,956,3,3
"Provo-Orem, UT Metro Area",provoutah,39340,671185,76678,197899,0.02011368,0.0,0,44,2,0
"Pueblo, CO Metro Area",pueblo,39380,168162,43772,42252,0.356798801,0.022556390977443608,3,133,0,2
"Punta Gorda, FL Metro Area",puntagorda,39460,186847,42273,73243,0.00963355,0.0,0,35,0,0
"Racine, WI Metro Area",racine,39540,197727,50159,54479,0.147172617,0.056338028169014086,4,71,0,2
"Raleigh-Cary, NC Metro Area",raleigh,39580,1413982,450472,315451,0.086422599,0.019036954087346025,34,1786,3,3
"Rapid City, SD Metro Area",rapidcity,39660,139074,23891,44938,0.388282497,0.06779661016949153,4,59,0,0
"Reading, PA Metro Area",readingpa,39740,428849,92895,109736,0.144806214,0.0,0,106,1,1
"Redding, CA Metro Area",redding,39820,182155,30000,60789,0.340369466,0.08333333333333333,14,168,0,0
"Reno, NV Metro Area",reno,39900,490596,129030,118668,0.289240026,0.022665457842248413,25,1103,1,2
"Richmond, VA Metro Area",rva,40060,1314434,406856,300888,0.081251702,0.026755852842809364,56,2093,3,3
"Riverside-San Bernardino-Ontario, CA Metro Area",inlandempire,40140,4599839,984199,815401,0.036653457,0.06622516556291391,10,151,3,3
"Roanoke, VA Metro Area",roanoke,40220,315251,68390,96088,0.122442118,0.003246753246753247,1,308,1,1
"Rochester, MN Metro Area",rochestermn,40340,226329,62817,62929,0.112226007,0.017937219730941704,4,223,1,2
"Rochester, NY Metro Area",rochester,40380,1090135,294234,237163,0.141266907,0.03496503496503497,45,1287,3,3
"Rockford, IL Metro Area",rockford,40420,338798,74598,74744,0.505020691,0.08064516129032258,15,186,1,2
"Rocky Mount, NC Metro Area",rockymountnc,40580,143870,42036,35033,0.294710503,0.11290322580645161,7,62,0,3
"Rome, GA Metro Area",romega,40660,98584,11917,28906,0.45544916,0.0,0,57,0,0
"Sacramento-Roseville-Folsom, CA Metro Area",sacramento,40900,2397382,666896,471023,0.134438316,0.06146926536731634,164,2668,3,3
"Saginaw, MI Metro Area",saginaw,40980,190124,51088,50785,0.371862574,0.04878048780487805,4,82,0,2
"Salem, OR Metro Area",salem,41420,433353,103789,102734,0.165915547,0.0593607305936073,26,438,1,2
"Salinas, CA Metro Area",salinas,41500,439035,113953,46299,0.178117918,0.05714285714285714,4,70,1,4
"Salisbury, MD-DE Metro Area",oceancity,41540,418046,95537,118484,0.070327189,0.017241379310344827,2,116,1,1
"Salt Lake City, UT Metro Area",saltlakecity,41620,1257936,298849,251188,0.114632223,0.024411895250776743,55,2253,3,3
"San Angelo, TX Metro Area",san_angelo,41660,122888,12410,33656,0.29050843,0.0,0,60,0,0
"San Antonio-New Braunfels, TX Metro Area",sanantonio,41700,2558143,529607,495195,0.431797597,0.038348082595870206,65,1695,3,2
"San Diego-Chula Vista-Carlsbad, CA Metro Area",sandiego,41740,3298634,964650,600094,0.158095745,0.042572741194486986,139,3265,3,3
"San Francisco-Oakland-Berkeley, CA Metro Area",sanfrancisco,41860,4749008,1831985,445799,0.124931354,0.07310177705977383,181,2476,3,4
"San Jose-Sunnyvale-Santa Clara, CA Metro Area",sanjose,41940,2000468,635595,225202,0.227896672,0.047323506594259115,61,1289,3,4
"San Luis Obispo-Paso Robles, CA Metro Area",slo,42020,282424,88310,67436,0.067982891,0.05514705882352941,15,272,1,3
"Santa Cruz-Watsonville, CA Metro Area",santacruz,42100,270861,114246,26937,0.143616098,0.030744336569579287,19,618,1,4
"Santa Fe, NM Metro Area",santafe,42140,154823,62530,18329,0.215084322,0.011594202898550725,4,345,0,4
"Santa Maria-Santa Barbara, CA Metro Area",santabarbara,42200,448229,129963,65736,0.089240098,0.018480492813141684,9,487,1,4
"Santa Rosa-Petaluma, CA Metro Area",santarosa,42220,488863,199938,61825,0.175304738,0.030303030303030304,10,330,1,4
"Savannah, GA Metro Area",savannah,42340,404798,92703,90833,0.595111636,0.0239880059970015,16,667,1,2
"Scranton--Wilkes-Barre, PA Metro Area",scranton,42540,567559,131568,149199,0.142892633,0.015873015873015872,2,126,2,1
"Seattle-Tacoma-Bellevue, WA Metro Area",seattlewa,42660,4018762,1413544,633325,0.111253167,0.18172213417855257,344,1893,3,4
"Sebastian-Vero Beach, FL Metro Area",verobeach,42680,159788,37844,58872,0.011890755,0.018867924528301886,1,53,0,1
"Sebring-Avon Park, FL Metro Area",sebring,42700,101235,16938,34873,0.056304638,0.0,0,23,0,0
"Sheboygan, WI Metro Area",sheboygan,43100,118034,27101,37609,0.145720725,0.06666666666666667,5,75,0,1
"Sherman-Denison, TX Metro Area",shermantx,43300,135543,14506,44163,0.132061412,0.0,0,11,0,0
"Shreveport-Bossier City, LA Metro Area",shreveport,43340,393406,76229,95207,0.371626259,0.043859649122807015,10,228,1,1
"Sierra Vista-Douglas, AZ Metro Area",sierravista,43420,125447,23732,35557,0.09246933,0.056338028169014086,4,71,0,1
"Sioux City, IA-NE-SD Metro Area",siouxcity,43580,149940,24824,37941,0.244097639,0.06097560975609756,5,82,0,1
"Sioux Falls, SD Metro Area",siouxfalls,43620,276730,54371,74224,0.324142666,0.012315270935960592,5,406,1,1
"South Bend-Mishawaka, IN-MI Metro Area",southbend,43780,324501,69026,69863,0.418180529,0.024844720496894408,4,161,1,2
"Spartanburg, SC Metro Area",spartanburg,43900,327997,52926,93560,0.136586615,0.011235955056179775,1,89,1,0
"Spokane-Spokane Valley, WA Metro Area",spokane,44060,585784,143604,168384,0.259481311,0.04665959703075292,44,943,2,1
"Springfield, IL Metro Area",springfieldil,44100,208640,50939,58249,0.426092791,0.02727272727272727,3,110,1,1
"Springfield, MA Metro Area",springfield,44140,699162,219340,120800,0.19981063,0.0603448275862069,7,116,2,4
"Springfield, MO Metro Area",springfieldmo,44180,475432,74037,151899,0.540771341,0.037914691943127965,24,633,1,0
"Springfield, OH Metro Area",springfieldoh,44220,136001,24076,39032,0.214704304,0.0,0,32,0,1
"St. Cloud, MN Metro Area",saintcloud,41060,199671,39159,65341,0.149245509,0.08,6,75,0,0
"St. George, UT Metro Area",stgeorge,41100,180279,20530,67294,0.100399936,0.020202020202020204,2,99,0,0
"St. Joseph, MO-KS Metro Area",stjoseph,41140,121467,17412,36509,0.354828884,0.06,3,50,0,0
"St. Louis, MO-IL Metro Area",stlouis,41180,2820253,741752,693693,0.205371646,0.03911870503597122,87,2224,3,2
"State College, PA Metro Area",statecollege,44300,158172,40055,36372,0.03414005,0.04938271604938271,4,81,0,2
"Staunton, VA Metro Area",staunton,44420,125433,22782,41916,0.040659157,0.013888888888888888,1,72,0,0
"Stockton, CA Metro Area",stockton,44700,779233,161137,121098,0.562091185,0.06140350877192982,7,114,2,3
"Sumter, SC Metro Area",sumter,44940,136700,35629,29361,0.305779078,0.09259259259259259,5,54,0,3
"Syracuse, NY Metro Area",syracuse,45060,662057,174941,142266,0.170529124,0.041501976284584984,21,506,2,3
"Tallahassee, FL Metro Area",tallahassee,45220,384298,128918,82271,0.353631817,0.01486988847583643,8,538,1,3
"Tampa-St. Petersburg-Clearwater, FL Metro Area",tampa,45300,3175275,810409,853640,0.05108219,0.04149715215622457,51,1229,3,2
"Terre Haute, IN Metro Area",terrehaute,45460,185031,26476,51319,0.084850647,0.010101010101010102,1,99,0,0
"Texarkana, TX-AR Metro Area",texarkana,45500,147519,16218,42751,0.106426969,0.06666666666666667,5,75,0,0
"The Villages, FL Metro Area",thevillagesflorida,45540,129752,29341,62761,0.199611567,0.02040816326530612,1,49,0,0
"Toledo, OH Metro Area",toledo,45780,646604,161700,147879,0.402719439,0.02981029810298103,11,369,2,2
"Topeka, KS Metro Area",topeka,45820,233152,51190,59844,0.38386975,0.03409090909090909,3,88,1,1
"Trenton-Princeton, NJ Metro Area",trenton,45940,387340,122532,51641,0.241906336,0.05357142857142857,3,56,1,4
"Tucson, AZ Metro Area",tucson,46060,1043433,304981,207758,0.361786526,0.019376579612468407,23,1187,3,3
"Tulsa, OK Metro Area",tulsa,46140,1015331,140991,253452,0.390414554,0.040380047505938245,34,842,3,0
"Tuscaloosa, AL Metro Area",tuscaloosa,46220,268674,50334,60778,0.191309915,0.05517241379310345,8,145,1,1
"Twin Falls, ID Metro Area",twinfalls,46300,114283,11284,31631,0.175879177,0.034482758620689655,3,87,0,0
"Tyler, TX Metro Area",tylertx,46340,233479,29615,69080,0.171749922,0.019867549668874173,3,151,1,0
"Urban Honolulu, HI Metro Area",honolulu,46520,1016508,238869,136259,0.259515911,0.05913978494623656,11,186,3,4
"Utica-Rome, NY Metro Area",utica,46540,292264,51912,76731,0.127966496,0.010638297872340425,1,94,1,1
"Valdosta, GA Metro Area",valdosta,46660,148126,24093,33718,0.426663786,0.06756756756756757,5,74,0,1
"Vallejo, CA Metro Area",vallejo,46700,453491,131639,69306,0.22867047,0.08823529411764706,9,102,1,4
"Victoria, TX Metro Area",vtown,47020,98331,11257,26443,0.35288973,0.02,1,50,0,0
"Vineland-Bridgeton, NJ Metro Area",vineland,47220,154152,32742,28952,0.136877887,0.043478260869565216,1,23,0,3
"Virginia Beach-Norfolk-Newport News, VA-NC Metro Area",norfolk,47260,1799674,481915,355016,0.032283625,0.05670103092783505,22,388,3,3
"Visalia, CA Metro Area",visalia,47300,473117,66105,77579,0.123859426,0.042735042735042736,5,117,1,1
"Waco, TX Metro Area",waco,47380,277547,38587,63720,0.28787917,0.07920792079207921,24,303,1,1
"Walla Walla, WA Metro Area",wallawalla,47460,62584,13690,16400,0.182155183,0.024691358024691357,2,81,0,1
"Warner Robins, GA Metro Area",warnerrobins,47580,191614,38161,48046,0.219190665,0.05084745762711865,3,59,0,1
"Washington-Arlington-Alexandria, DC-VA-MD-WV Metro Area",washingtondc,47900,6385162,2320658,818418,0.108000392,0.049166310389055154,115,2339,3,4
"Waterloo-Cedar Falls, IA Metro Area",waterlooiowa,47940,168461,43811,42863,0.181644416,0.014285714285714285,1,70,0,2
"Watertown-Fort Drum, NY Metro Area",watertownny,48060,116721,17307,25629,0.131938554,0.045454545454545456,4,88,0,1
"Wausau-Weston, WI Metro Area",wausau,48140,166428,37069,54641,0.093734227,0.0410958904109589,3,73,0,1
"Weirton-Steubenville, WV-OH Metro Area",steubenville,48260,116903,16755,40179,0.00940951,0.05454545454545454,3,55,0,0
"Wenatchee, WA Metro Area",wenatchee,48300,122012,27160,35701,0.050814674,0.05217391304347826,6,115,0,1
"Wheeling, WV-OH Metro Area",wheelingwv,48540,139513,19816,46349,0.16414241,0.016129032258064516,1,62,0,0
"Wichita Falls, TX Metro Area",wichitafalls,48660,148128,14221,41438,0.24573342,0.038461538461538464,2,52,0,0
"Wichita, KS Metro Area",wichita,48620,647610,114389,163337,0.687296367,0.028530670470756064,20,701,2,1
"Williamsport, PA Metro Area",williamsport,48700,114188,16971,41462,0.062178162,0.029850746268656716,2,67,0,0
"Wilmington, NC Metro Area",wilmington,48900,285905,77861,85287,0.265472797,0.036281179138321996,16,441,1,2
"Winchester, VA-WV Metro Area",winchester,49020,142632,25756,43812,0.056088395,0.0,0,84,0,0
"Winston-Salem, NC Metro Area",winstonsalem,49180,675966,151431,204027,0.396321708,0.023166023166023165,12,518,2,1
"Worcester, MA-CT Metro Area",worcesterma,49340,978529,275479,200824,0.119056257,0.025806451612903226,12,465,2,3
"Yakima, WA Metro Area",yakima,49420,256728,43179,50555,0.16359727,0.053763440860215055,5,93,1,1
"York-Hanover, PA Metro Area",yorkpa,49620,456438,88114,146733,0.098589513,0.014084507042253521,1,71,1,1
"Youngstown-Warren-Boardman, OH-PA Metro Area",youngstown,49660,541243,123227,151240,0.079077235,0.018018018018018018,2,111,2,1
"Yuba City, CA Metro Area",yubacity,49700,181208,28597,42051,0.132996336,0.05172413793103448,3,58,0,1
"Yuma, AZ Metro Area",yuma,49740,203881,32210,36534,0.184421305,0.008620689655172414,1,116,1,1
